地震の発生日,地震の発生時刻,震央地名,緯度,経度,深さ,Ｍ,最大震度
2006/1/14,30:09.3,茨城県南部,36°11.2′N,140°01.6′E,52 km,4.3,震度４
2006/2/1,35:53.0,千葉県北西部,35°45.6′N,140°00.2′E,101 km,5.1,震度４
2006/2/4,11:55.6,天草灘,32°05.0′N,129°52.7′E,12 km,5.1,震度４
2006/2/16,10:45.4,岐阜県美濃中西部,35°41.3′N,136°25.3′E,14 km,4.4,震度４
2006/2/18,21:10.6,岐阜県美濃中西部,35°41.3′N,136°25.1′E,13 km,4.1,震度４
2006/3/27,50:26.3,日向灘,32°36.1′N,132°09.4′E,35 km,5.5,震度５弱
2006/4/13,27:22.9,浦河沖,41°45.3′N,142°53.6′E,43 km,5.3,震度４
2006/4/21,50:39.5,伊豆半島東方沖,34°56.4′N,139°11.7′E,7 km,5.8,震度４
2006/4/22,35:58.9,宮城県沖,38°42.1′N,141°49.2′E,66 km,4.6,震度４
2006/4/30,10:36.2,伊豆半島東方沖,35°04.4′N,139°06.4′E,6 km,4.5,震度５弱
2006/5/2,24:31.0,伊豆半島東方沖,34°55.0′N,139°19.8′E,15 km,5.1,震度４
2006/5/15,42:13.0,和歌山県北部,34°13.4′N,135°13.2′E,3 km,4.5,震度４
2006/6/12,01:24.9,大分県西部,33°08.1′N,131°26.1′E,145 km,6.2,震度５弱
2006/6/13,40:33.1,十勝地方中部,42°42.1′N,143°25.2′E,86 km,4.7,震度４
2006/6/24,10:45.7,長野県南部,35°47.5′N,137°27.3′E,9 km,3.9,震度４
2006/7/6,11:44.9,宮城県中部,38°23.4′N,140°44.5′E,11 km,4.3,震度４
2006/7/9,48:08.0,新島・神津島近海,34°21.1′N,139°09.3′E,11 km,4.8,震度４
2006/7/9,11:11.6,新島・神津島近海,34°19.8′N,139°10.2′E,6 km,2.9,震度４
2006/8/31,18:18.6,東京湾,35°37.9′N,140°01.4′E,76 km,4.8,震度４
2006/9/26,03:48.3,伊予灘,33°30.3′N,131°53.0′E,70 km,5.3,震度４
2006/10/14,38:01.6,千葉県南東沖,34°53.6′N,140°18.2′E,64 km,5.1,震度４
2006/11/1,21:37.2,十勝地方南部,42°19.8′N,143°07.2′E,49 km,4.8,震度４
2006/11/3,24:30.0,大阪府北部,34°57.5′N,135°28.1′E,8 km,3.7,震度４
2006/11/18,03:12.0,奄美大島近海,28°31.0′N,130°09.2′E,30 km,6,震度４
2006/11/22,15:11.6,北海道東方沖,43°54.1′N,146°56.7′E,96 km,5.6,震度４
2006/12/26,17:15.4,佐渡付近,37°52.3′N,138°09.5′E,14 km,4.9,震度４
2006/12/31,49:31.2,新島・神津島近海,34°15.0′N,139°13.0′E,11 km,4.7,震度４
2006/12/31,34:40.9,根室半島南東沖,43°15.6′N,146°15.5′E,46 km,5,震度４
2007/1/8,59:35.8,新潟県中越地方,37°16.0′N,138°55.1′E,13 km,4.8,震度４
2007/2/17,02:56.6,十勝沖,41°43.9′N,143°43.3′E,40 km,6.2,震度４
2007/3/7,59:26.4,秋田県内陸北部,40°05.3′N,140°18.2′E,16 km,4.2,震度４
2007/3/23,37:05.7,熊本県熊本地方,32°37.1′N,130°49.6′E,6 km,4.1,震度４
2007/3/25,41:57.9,能登半島沖,37°13.2′N,136°41.1′E,11 km,6.9,震度６強
2007/3/25,45:50.2,能登半島沖,37°12.1′N,136°39.9′E,6 km,4.7,震度４
2007/3/25,52:36.6,能登半島沖,37°18.8′N,136°42.4′E,5 km,4.5,震度４
2007/3/25,43:30.5,石川県能登地方,37°17.6′N,136°46.3′E,9 km,4.5,震度４
2007/3/25,11:45.1,石川県能登地方,37°18.2′N,136°50.3′E,13 km,5.3,震度５弱
2007/3/26,16:36.4,能登半島沖,37°10.0′N,136°29.3′E,0 km,5.3,震度４
2007/3/26,46:34.6,能登半島沖,37°09.9′N,136°33.1′E,9 km,4.8,震度５弱
2007/3/26,02:52.5,能登半島沖,37°16.5′N,136°42.0′E,6 km,4.6,震度４
2007/3/28,08:14.5,石川県能登地方,37°13.3′N,136°42.5′E,13 km,4.9,震度５弱
2007/3/28,05:31.0,能登半島沖,37°16.9′N,136°40.9′E,7 km,4.7,震度４
2007/4/6,18:17.7,石川県能登地方,37°16.0′N,136°47.4′E,12 km,4.3,震度４
2007/4/15,19:29.5,三重県中部,34°47.4′N,136°24.4′E,16 km,5.4,震度５強
2007/4/15,34:45.5,三重県中部,34°47.6′N,136°25.0′E,17 km,4.6,震度４
2007/4/19,07:31.0,胆振地方中東部,42°40.2′N,141°56.8′E,126 km,5.6,震度４
2007/4/21,37:58.0,沖縄本島近海,27°26.3′N,128°36.2′E,42 km,5.7,震度４
2007/4/26,02:56.9,愛媛県東予,33°53.3′N,133°35.0′E,39 km,5.3,震度４
2007/4/27,37:57.2,十勝沖,42°22.4′N,143°36.3′E,58 km,5.2,震度４
2007/4/30,41:26.5,奄美大島近海,28°38.8′N,129°23.3′E,13 km,4.9,震度４
2007/5/2,44:38.2,石川県能登地方,37°19.8′N,136°45.7′E,7 km,4.7,震度４
2007/5/13,13:54.7,島根県東部,35°00.5′N,132°47.5′E,9 km,4.6,震度４
2007/5/19,59:57.5,青森県東方沖,41°33.7′N,142°03.1′E,68 km,5.3,震度４
2007/6/1,42:45.5,静岡県西部,34°41.9′N,137°53.7′E,13 km,4.3,震度４
2007/6/2,43:14.9,茨城県南部,36°08.0′N,140°02.0′E,50 km,4.6,震度４
2007/6/6,42:50.5,大分県中部,33°20.0′N,131°29.7′E,11 km,4.9,震度４
2007/6/7,22:16.3,大分県中部,33°18.9′N,131°29.5′E,9 km,4.7,震度４
2007/6/7,50:40.8,伊予灘,33°20.0′N,131°30.7′E,8 km,4.7,震度４
2007/6/11,45:13.8,能登半島沖,37°14.6′N,136°39.2′E,7 km,5,震度４
2007/6/22,34:14.3,石川県西方沖,36°52.6′N,136°40.0′E,8 km,4.6,震度４
2007/6/23,52:57.3,茨城県沖,36°32.9′N,140°48.2′E,53 km,4.2,震度４
2007/6/28,26:26.0,東京都多摩西部,35°48.7′N,139°11.2′E,15 km,4.1,震度４
2007/7/1,12:06.9,根室地方北部,43°32.6′N,144°54.5′E,132 km,5.8,震度４
2007/7/16,13:22.5,新潟県上中越沖,37°33.4′N,138°36.5′E,17 km,6.8,震度６強
2007/7/16,16:16.6,新潟県上中越沖,37°32.2′N,138°38.4′E,14 km,4.6,震度４
2007/7/16,18:40.2,新潟県上中越沖,37°30.3′N,138°32.8′E,18 km,4.9,震度４
2007/7/16,37:40.4,新潟県上中越沖,37°30.2′N,138°38.6′E,23 km,5.8,震度６弱
2007/7/16,08:02.1,新潟県上中越沖,37°30.5′N,138°37.7′E,20 km,4.4,震度４
2007/7/16,17:36.9,京都府沖,36°51.9′N,135°06.2′E,374 km,6.7,震度４
2007/7/18,53:05.2,新潟県中越地方,37°26.5′N,138°36.9′E,23 km,4.3,震度４
2007/7/25,52:04.0,新潟県中越地方,37°31.9′N,138°43.2′E,24 km,4.8,震度４
2007/8/9,19:42.7,沖縄本島近海,27°18.6′N,128°26.6′E,44 km,5.1,震度４
2007/8/16,15:06.6,千葉県東方沖,35°26.6′N,140°31.8′E,31 km,5.3,震度４
2007/8/18,14:43.5,千葉県南部,35°20.9′N,140°21.6′E,23 km,4.8,震度５弱
2007/8/18,36:37.3,千葉県北東部,35°21.5′N,140°21.1′E,24 km,4.5,震度４
2007/8/18,55:08.8,千葉県南部,35°20.5′N,140°20.7′E,20 km,5.2,震度４
2007/10/1,21:14.6,神奈川県西部,35°13.7′N,139°06.6′E,13 km,4.9,震度５強
2007/10/9,10:35.4,北海道東方沖,43°21.1′N,146°43.5′E,40 km,5.8,震度４
2007/10/14,07:43.0,島根県東部,35°25.8′N,133°12.0′E,11 km,3.7,震度４
2007/10/17,03:08.2,新潟県中越地方,37°17.3′N,138°53.1′E,15 km,3.7,震度４
2007/10/22,35:56.9,新島・神津島近海,34°15.6′N,139°06.4′E,9 km,4.3,震度４
2007/11/26,51:37.5,福島県沖,37°18.2′N,141°45.4′E,44 km,6,震度４
2007/11/30,36:58.0,茨城県沖,36°25.6′N,140°41.7′E,53 km,4.7,震度４
2007/12/21,22:54.5,福井県嶺北,35°56.3′N,136°20.9′E,7 km,4.5,震度４
2007/12/24,39:28.2,栃木県北部,36°59.1′N,139°49.0′E,8 km,3.6,震度４
2008/1/13,11:04.4,渡島地方北部,42°26.1′N,140°15.4′E,11 km,4.1,震度４
2008/1/26,33:25.3,石川県能登地方,37°19.1′N,136°46.4′E,11 km,4.8,震度５弱
2008/3/8,54:57.1,茨城県北部,36°27.1′N,140°36.7′E,57 km,5.2,震度４
2008/3/24,40:11.0,福島県沖,37°07.2′N,141°26.8′E,48 km,5.3,震度４
2008/4/4,01:51.8,茨城県南部,36°07.2′N,139°49.6′E,53 km,5,震度４
2008/4/17,58:29.7,大阪湾,34°36.5′N,135°03.9′E,10 km,4.1,震度４
2008/4/17,19:36.8,秋田県沿岸南部,39°02.5′N,140°14.0′E,166 km,5.8,震度４
2008/4/28,32:08.3,宮古島近海,24°51.6′N,125°04.5′E,32 km,5.2,震度４
2008/4/29,26:05.3,青森県東方沖,41°27.7′N,142°06.5′E,62 km,5.7,震度４
2008/5/1,34:05.1,千葉県東方沖,35°26.2′N,140°26.1′E,36 km,4.6,震度４
2008/5/8,45:18.7,茨城県沖,36°13.6′N,141°36.4′E,51 km,7,震度５弱
2008/5/11,24:03.3,国後島付近,43°25.4′N,145°50.3′E,88 km,5.1,震度４
2008/5/11,19:11.8,宮崎県南部山沿い,31°58.2′N,130°57.6′E,8 km,4.1,震度４
2008/6/13,21:32.6,長野県南部,35°54.6′N,137°42.2′E,13 km,4.7,震度４
2008/6/14,43:45.3,岩手県内陸南部,39°01.7′N,140°52.8′E,8 km,7.2,震度６強
2008/6/14,53:10.7,岩手県内陸南部,39°05.4′N,140°58.0′E,10 km,4.1,震度４
2008/6/14,56:45.1,岩手県内陸南部,39°06.5′N,140°57.8′E,11 km,4.4,震度４
2008/6/14,58:44.0,宮城県北部,38°46.9′N,140°42.6′E,5 km,3.8,震度４
2008/6/14,20:11.8,宮城県北部,38°53.1′N,140°40.3′E,7 km,5.7,震度５弱
2008/6/14,00:16.1,岩手県内陸南部,39°02.1′N,140°54.1′E,8 km,4.5,震度４
2008/6/14,40:00.0,岩手県内陸南部,38°56.1′N,140°53.0′E,7 km,4.8,震度４
2008/6/14,10:31.8,岩手県内陸南部,39°05.5′N,140°51.8′E,9 km,4.8,震度４
2008/6/14,27:32.7,岩手県内陸南部,39°08.4′N,140°56.4′E,10 km,5.2,震度４
2008/6/14,42:32.4,岩手県内陸南部,38°59.7′N,140°53.2′E,6 km,4.9,震度４
2008/6/15,00:41.3,宮城県北部,38°49.5′N,140°40.0′E,4 km,3.1,震度４
2008/6/16,14:38.4,岩手県内陸南部,38°59.8′N,140°50.3′E,7 km,5.3,震度４
2008/6/26,37:11.1,浦河沖,41°49.5′N,142°40.3′E,55 km,5.4,震度４
2008/7/5,49:02.5,茨城県沖,36°38.5′N,140°57.1′E,50 km,5.2,震度５弱
2008/7/8,42:10.5,沖縄本島近海,27°27.9′N,128°32.8′E,45 km,6.1,震度５弱
2008/7/19,39:28.6,福島県沖,37°31.2′N,142°15.8′E,32 km,6.9,震度４
2008/7/21,30:26.6,福島県沖,37°08.1′N,142°20.4′E,27 km,6.1,震度４
2008/7/24,26:19.6,岩手県沿岸北部,39°43.9′N,141°38.1′E,108 km,6.8,震度６弱
2008/8/8,57:09.1,神奈川県東部,35°37.8′N,139°32.2′E,30 km,4.6,震度４
2008/8/20,13:29.0,茨城県南部,36°03.4′N,139°54.0′E,45 km,4.6,震度４
2008/8/22,59:50.1,茨城県北部,36°26.5′N,140°36.9′E,56 km,5.2,震度４
2008/9/11,20:51.3,十勝沖,41°46.5′N,144°09.0′E,31 km,7.1,震度５弱
2008/10/4,24:17.3,宗谷地方北部,45°01.6′N,141°57.1′E,10 km,3.5,震度４
2008/10/14,37:46.1,千葉県北東部,35°23.9′N,140°19.7′E,27 km,4.3,震度４
2008/10/30,48:40.7,宮城県沖,38°02.7′N,141°43.9′E,86 km,5.1,震度４
2008/11/22,44:48.4,根室半島南東沖,43°07.5′N,145°50.3′E,46 km,5.2,震度４
2008/11/24,15:31.7,岐阜県美濃東部,35°17.7′N,137°28.0′E,11 km,3.9,震度４
2008/12/7,31:53.8,宮城県中部,38°28.1′N,141°11.0′E,13 km,4.3,震度４
2009/1/3,13:03.5,福島県沖,37°03.7′N,141°10.3′E,51 km,4.8,震度４
2009/2/1,51:51.8,茨城県沖,36°43.0′N,141°16.7′E,47 km,5.8,震度４
2009/2/15,24:32.2,岩手県沖,40°15.0′N,142°25.4′E,36 km,5.9,震度４
2009/2/17,54:28.0,千葉県南部,35°16.5′N,140°13.6′E,31 km,4.6,震度４
2009/2/17,12:56.7,福島県沖,37°31.1′N,141°27.5′E,48 km,4.9,震度４
2009/2/18,47:07.0,岐阜県美濃中西部,35°39.7′N,136°18.8′E,9 km,5.2,震度４
2009/2/24,52:18.0,新潟県中越地方,37°31.7′N,138°42.4′E,11 km,3.4,震度４
2009/2/28,35:55.0,日高地方西部,42°35.0′N,142°11.3′E,113 km,5.3,震度４
2009/4/5,36:26.3,日向灘,31°55.7′N,131°53.6′E,28 km,5.6,震度４
2009/4/28,21:19.4,釧路沖,42°35.3′N,145°05.5′E,38 km,5.4,震度４
2009/5/12,40:17.5,新潟県上越地方,37°04.3′N,138°31.9′E,12 km,4.8,震度４
2009/6/5,30:33.8,十勝沖,41°48.7′N,143°37.2′E,31 km,6.4,震度４
2009/6/23,37:17.2,宮城県沖,38°53.7′N,142°31.9′E,39 km,5.6,震度４
2009/6/25,03:56.7,大分県西部,33°22.1′N,130°53.5′E,12 km,4.7,震度４
2009/7/22,51:02.0,四国沖,33°01.9′N,134°19.2′E,29 km,4.6,震度４
2009/7/28,52:50.9,北海道南西沖,41°25.0′N,140°06.5′E,8 km,4,震度４
2009/8/3,18:14.9,熊本県天草・芦北地方,32°19.0′N,130°31.8′E,7 km,4.7,震度４
2009/8/5,17:58.0,宮古島近海,24°10.5′N,125°15.8′E,22 km,6.5,震度４
2009/8/5,51:14.0,日向灘,32°31.1′N,132°07.1′E,33 km,5,震度４
2009/8/9,55:52.1,東海道南方沖,33°07.6′N,138°24.2′E,333 km,6.8,震度４
2009/8/11,07:05.7,駿河湾,34°47.1′N,138°29.9′E,23 km,6.5,震度６弱
2009/8/13,48:51.7,八丈島東方沖,32°52.1′N,140°49.5′E,57 km,6.6,震度５弱
2009/9/3,26:17.9,薩摩半島西方沖,31°07.5′N,130°18.0′E,167 km,6,震度４
2009/9/8,24:26.6,日高地方東部,42°11.5′N,142°58.3′E,51 km,4.8,震度４
2009/9/29,03:19.3,根室地方北部,43°37.5′N,144°39.6′E,5 km,4.5,震度４
2009/10/10,42:48.4,浦河沖,41°43.2′N,142°13.5′E,92 km,5.1,震度４
2009/10/12,10:34.1,長野県南部,35°56.8′N,137°38.7′E,9 km,3.7,震度４
2009/10/12,42:19.5,福島県会津,37°25.9′N,139°41.8′E,4 km,4.9,震度４
2009/10/23,31:26.2,新潟県中越地方,37°06.9′N,138°38.9′E,11 km,3.3,震度４
2009/10/30,03:38.9,奄美大島北東沖,29°10.0′N,129°56.2′E,60 km,6.8,震度４
2009/11/21,39:39.5,福島県会津,37°08.0′N,139°50.6′E,10 km,4.5,震度４
2009/12/16,12:51.4,土佐湾,33°06.5′N,133°21.7′E,31 km,4.6,震度４
2009/12/17,45:24.5,静岡県伊豆地方,34°57.5′N,139°08.1′E,4 km,5,震度５弱
2009/12/18,41:29.9,栃木県南部,36°20.0′N,139°43.1′E,78 km,5.1,震度４
2009/12/18,45:36.7,静岡県伊豆地方,34°57.6′N,139°07.7′E,5 km,5.1,震度５弱
2009/12/18,26:55.4,静岡県伊豆地方,34°57.8′N,139°07.7′E,4 km,3.9,震度４
2009/12/19,53:14.2,静岡県伊豆地方,34°57.8′N,139°07.4′E,4 km,4.5,震度４
2009/12/19,04:53.1,静岡県伊豆地方,34°58.1′N,139°06.8′E,4 km,4.3,震度４
2009/12/19,09:39.1,静岡県伊豆地方,34°58.0′N,139°07.3′E,4 km,4.5,震度４
2009/12/28,12:49.4,釧路地方中南部,43°10.4′N,144°38.6′E,85 km,5,震度４
2010/1/7,11:35.3,奄美大島近海,27°56.9′N,128°52.6′E,44 km,4.8,震度４
2010/1/21,59:23.3,静岡県伊豆地方,34°58.4′N,139°07.1′E,5 km,4.4,震度４
2010/1/24,19:05.6,青森県東方沖,41°12.5′N,141°38.7′E,14 km,4.5,震度４
2010/1/25,15:09.2,大隅半島東方沖,30°52.4′N,131°09.0′E,49 km,5.4,震度４
2010/1/30,43:47.3,宮城県北部,38°31.6′N,141°03.9′E,15 km,4,震度４
2010/1/30,29:45.8,宮城県南部,38°03.5′N,140°40.1′E,9 km,4.1,震度４
2010/2/7,33:52.6,石川県能登地方,37°21.7′N,136°57.4′E,11 km,4,震度４
2010/2/21,49:44.8,伊予灘,33°49.5′N,132°18.4′E,13 km,4.5,震度４
2010/2/27,31:25.9,沖縄本島近海,25°55.1′N,128°40.8′E,37 km,7.2,震度５弱
2010/3/13,46:26.7,福島県沖,37°36.8′N,141°28.3′E,78 km,5.5,震度４
2010/3/14,08:04.1,福島県沖,37°43.4′N,141°49.0′E,40 km,6.7,震度５弱
2010/3/31,18:34.5,茨城県沖,36°25.3′N,140°38.7′E,55 km,4.6,震度４
2010/4/9,41:49.3,釧路沖,42°55.0′N,144°43.3′E,57 km,4.8,震度４
2010/4/16,38:15.0,新潟県下越地方,38°02.4′N,139°28.6′E,12 km,4.6,震度４
2010/5/1,20:37.2,新潟県中越地方,37°33.5′N,139°11.4′E,9 km,4.9,震度４
2010/5/26,53:07.1,南大東島近海,25°44.5′N,129°59.3′E,48 km,6.4,震度４
2010/6/13,32:57.0,福島県沖,37°23.7′N,141°47.7′E,40 km,6.2,震度５弱
2010/6/28,03:25.3,苫小牧沖,41°37.5′N,141°49.9′E,57 km,5.1,震度４
2010/7/4,33:12.1,岩手県内陸南部,39°01.4′N,140°54.7′E,7 km,5.2,震度４
2010/7/5,55:52.3,岩手県沖,39°39.4′N,142°39.1′E,34 km,6.4,震度４
2010/7/21,19:18.5,奈良県,34°12.3′N,135°41.6′E,58 km,5.1,震度４
2010/7/23,06:31.4,千葉県北東部,35°52.7′N,140°29.1′E,35 km,5,震度５弱
2010/8/10,50:34.6,三陸沖,39°20.9′N,143°29.6′E,30 km,6.3,震度４
2010/9/4,15:29.3,釧路沖,42°44.5′N,145°30.8′E,61 km,5.1,震度４
2010/9/13,47:48.0,青森県東方沖,41°27.3′N,142°07.3′E,63 km,5.8,震度４
2010/9/29,59:55.9,福島県中通り,37°17.1′N,140°01.5′E,8 km,5.7,震度４
2010/10/2,35:10.5,新潟県上越地方,37°08.1′N,138°25.6′E,22 km,4,震度４
2010/10/3,37:53.6,新潟県上越地方,37°08.5′N,138°25.3′E,23 km,4.5,震度４
2010/10/3,52:44.9,新潟県上越地方,37°08.1′N,138°25.1′E,24 km,4.6,震度４
2010/10/3,26:52.8,新潟県上越地方,37°08.3′N,138°25.0′E,22 km,4.7,震度５弱
2010/10/4,28:38.9,宮古島近海,24°13.0′N,125°20.1′E,53 km,6.4,震度４
2010/10/6,51:47.7,土佐湾,33°31.6′N,133°43.8′E,7 km,4.5,震度４
2010/10/14,58:55.5,日高地方東部,42°18.7′N,143°04.1′E,53 km,5.5,震度４
2010/11/5,14:03.0,茨城県南部,36°03.7′N,139°50.5′E,45 km,4.6,震度４
2010/11/19,01:58.7,根室半島南東沖,43°10.4′N,145°35.8′E,53 km,4.8,震度４
2010/11/24,09:10.7,茨城県沖,36°13.7′N,140°54.1′E,47 km,4.9,震度４
2010/12/22,19:37.2,父島近海,27°03.1′N,143°56.1′E,8 km,7.8,震度４
2011/1/3,45:12.1,新潟県下越沖,38°34.4′N,139°15.7′E,12 km,4.7,震度４
2011/1/31,21:58.2,伊豆大島近海,34°50.6′N,139°14.2′E,9 km,4.2,震度４
2011/2/5,56:12.0,千葉県南東沖,34°51.3′N,140°37.1′E,64 km,5.2,震度４
2011/2/10,03:03.6,福島県沖,37°09.5′N,141°24.5′E,48 km,5.4,震度４
2011/2/21,46:10.1,和歌山県北部,33°52.6′N,135°21.8′E,53 km,4.8,震度４
2011/2/27,18:58.9,岐阜県飛騨地方,36°09.4′N,137°27.4′E,4 km,5,震度４
2011/2/27,38:02.6,岐阜県飛騨地方,36°09.3′N,137°27.2′E,4 km,5.5,震度４
2011/3/9,45:12.9,三陸沖,38°19.7′N,143°16.7′E,8 km,7.3,震度５弱
2011/3/10,23:59.7,三陸沖,38°10.3′N,143°02.6′E,9 km,6.8,震度４
2011/3/11,46:18.1,三陸沖,38°06.2′N,142°51.6′E,24 km,9,震度７
2011/3/11,50:07.9,新島・神津島近海,34°23.0′N,139°10.9′E,10 km,4.7,震度４
2011/3/11,51:20.5,福島県沖,37°18.6′N,142°14.2′E,33 km,6.8,震度５弱
2011/3/11,54:31.3,福島県沖,37°30.4′N,141°21.1′E,34 km,6.1,震度５弱
2011/3/11,57:01.1,福島県沖,37°24.1′N,141°07.3′E,22 km,5.2,震度４
2011/3/11,57:17.7,岐阜県飛騨地方,36°14.9′N,137°34.9′E,2 km,4.7,震度４
2011/3/11,58:05.5,福島県沖,37°41.3′N,141°56.0′E,35 km,6.6,震度５弱
2011/3/11,05:06.3,福島県沖,37°31.1′N,141°37.3′E,22 km,5.9,震度４
2011/3/11,06:10.7,岩手県沖,39°02.6′N,142°23.8′E,29 km,6.5,震度５弱
2011/3/11,07:16.1,茨城県沖,36°18.1′N,142°13.5′E,20 km,6.5,震度４
2011/3/11,08:20.3,静岡県伊豆地方,35°10.7′N,139°01.5′E,6 km,4.6,震度５弱
2011/3/11,08:53.4,岩手県沖,39°49.2′N,142°46.0′E,32 km,7.4,震度５弱
2011/3/11,11:19.0,茨城県北部,36°51.8′N,140°37.1′E,6 km,5.5,震度４
2011/3/11,12:58.6,福島県沖,37°13.6′N,141°38.7′E,39 km,6.7,震度５弱
2011/3/11,15:34.2,茨城県沖,36°07.2′N,141°15.1′E,43 km,7.6,震度６強
2011/3/11,18:12.0,茨城県沖,36°01.0′N,141°01.7′E,41 km,4.7,震度５弱
2011/3/11,19:03.1,茨城県沖,36°17.4′N,141°07.5′E,33 km,5.7,震度４
2011/3/11,20:01.9,茨城県沖,36°05.6′N,141°45.9′E,34 km,5.8,震度４
2011/3/11,23:05.8,岩手県沖,39°01.2′N,142°24.6′E,31 km,6.1,震度４
2011/3/11,25:44.3,三陸沖,37°54.8′N,144°45.0′E,11 km,7.5,震度４
2011/3/11,35:24.5,茨城県沖,36°02.3′N,141°02.1′E,38 km,5.1,震度４
2011/3/11,40:49.7,岩手県沖,39°19.9′N,142°04.2′E,48 km,5.9,震度４
2011/3/11,44:08.1,宮城県沖,38°44.7′N,142°12.9′E,40 km,5.4,震度４
2011/3/11,46:09.3,宮城県沖,38°45.0′N,142°13.8′E,38 km,5.6,震度４
2011/3/11,49:50.2,岩手県沖,40°06.5′N,142°37.0′E,7 km,5.9,震度４
2011/3/11,57:13.2,千葉県東方沖,35°49.1′N,141°10.9′E,28 km,6.2,震度４
2011/3/11,04:15.7,宮城県沖,38°59.0′N,142°25.6′E,24 km,5.7,震度４
2011/3/11,05:34.4,岩手県沖,39°01.3′N,142°24.1′E,27 km,5.7,震度４
2011/3/11,14:57.0,茨城県沖,36°33.4′N,142°02.4′E,25 km,6.8,震度４
2011/3/11,17:42.7,福島県沖,37°08.5′N,142°35.4′E,20 km,6.5,震度４
2011/3/11,28:52.2,宮城県沖,38°49.3′N,142°08.8′E,39 km,5.6,震度４
2011/3/11,28:59.8,岩手県沖,39°01.3′N,142°18.6′E,17 km,6.6,震度５強
2011/3/11,30:15.6,福島県沖,37°21.8′N,141°15.5′E,27 km,5.9,震度５弱
2011/3/11,38:26.5,岩手県沖,39°15.2′N,142°48.4′E,16 km,5.8,震度４
2011/3/11,44:29.0,茨城県沖,36°18.0′N,141°54.0′E,60 km,5.6,震度４
2011/3/11,12:06.4,茨城県沖,36°32.9′N,141°23.1′E,32 km,6.6,震度４
2011/3/11,19:17.2,茨城県沖,36°09.4′N,141°42.9′E,36 km,6.8,震度４
2011/3/11,31:07.8,福島県沖,37°28.0′N,141°22.6′E,31 km,5.9,震度４
2011/3/11,35:22.2,茨城県沖,36°04.1′N,141°07.9′E,37 km,5.2,震度４
2011/3/11,40:54.5,福島県沖,37°25.4′N,141°16.3′E,30 km,6,震度５強
2011/3/11,58:07.7,栃木県北部,36°48.8′N,139°27.7′E,3 km,4.1,震度４
2011/3/11,04:13.5,茨城県沖,36°33.0′N,140°57.3′E,17 km,5.3,震度４
2011/3/11,19:52.9,茨城県沖,36°33.7′N,140°57.2′E,15 km,5,震度４
2011/3/11,10:39.7,岩手県沖,39°20.0′N,142°09.1′E,44 km,6.2,震度４
2011/3/11,35:36.5,福島県沖,37°04.2′N,141°20.5′E,49 km,5.1,震度４
2011/3/11,58:04.3,岩手県沖,39°01.0′N,142°22.0′E,32 km,4.9,震度４
2011/3/11,00:53.0,福島県沖,37°43.3′N,141°43.8′E,46 km,5.5,震度４
2011/3/11,20:59.9,千葉県東方沖,35°47.6′N,141°12.0′E,39 km,5.6,震度４
2011/3/11,31:07.0,宮城県南部,38°10.9′N,140°29.3′E,9 km,5.2,震度４
2011/3/11,36:39.9,岩手県沖,39°13.8′N,142°34.7′E,24 km,6.7,震度５弱
2011/3/11,39:27.5,宮城県沖,38°19.8′N,142°14.8′E,25 km,5.8,震度４
2011/3/11,57:14.1,岩手県沖,39°16.3′N,142°18.6′E,29 km,5.3,震度４
2011/3/11,13:03.0,福島県沖,37°13.5′N,142°13.0′E,26 km,6.2,震度４
2011/3/11,15:42.0,岩手県沖,39°07.5′N,142°24.3′E,23 km,5.9,震度４
2011/3/11,21:21.8,福島県沖,37°28.9′N,141°18.0′E,23 km,4.9,震度４
2011/3/11,33:30.9,福島県沖,37°15.5′N,141°05.1′E,34 km,4.5,震度４
2011/3/11,47:41.3,福島県沖,36°55.9′N,141°06.6′E,50 km,4.7,震度４
2011/3/11,00:37.2,茨城県沖,36°08.8′N,140°52.7′E,43 km,5.4,震度４
2011/3/11,44:09.4,茨城県沖,36°38.7′N,140°58.7′E,47 km,4.9,震度４
2011/3/12,13:12.4,茨城県沖,36°03.2′N,142°00.0′E,23 km,6.7,震度４
2011/3/12,24:39.9,群馬県北部,36°48.2′N,139°18.6′E,6 km,4.5,震度４
2011/3/12,30:46.3,福島県沖,37°24.7′N,141°18.5′E,18 km,5,震度４
2011/3/12,56:47.2,福島県沖,37°28.5′N,141°19.0′E,30 km,4.4,震度４
2011/3/12,44:08.0,福島県沖,36°52.2′N,141°09.2′E,47 km,5,震度４
2011/3/12,59:15.6,長野県北部,36°59.1′N,138°35.8′E,8 km,6.7,震度６強
2011/3/12,01:32.0,新潟県中越地方,36°57.0′N,138°36.4′E,1 km,3.9,震度４
2011/3/12,02:57.0,三陸沖,39°21.2′N,142°56.2′E,9 km,6.3,震度４
2011/3/12,03:37.0,新潟県中越地方,37°03.0′N,138°36.7′E,9 km,4.1,震度４
2011/3/12,08:41.0,茨城県沖,36°17.1′N,140°56.8′E,35 km,5.2,震度４
2011/3/12,09:27.0,長野県北部,36°59.7′N,138°33.7′E,9 km,4.5,震度４
2011/3/12,10:43.7,長野県北部,36°56.3′N,138°35.4′E,0 km,4.2,震度４
2011/3/12,12:44.7,新潟県中越地方,37°01.9′N,138°40.3′E,12 km,4.3,震度４
2011/3/12,24:28.1,千葉県東方沖,35°45.5′N,141°02.4′E,35 km,5.7,震度４
2011/3/12,31:34.0,長野県北部,36°56.1′N,138°34.5′E,0 km,3.1,震度４
2011/3/12,31:55.6,長野県北部,36°56.9′N,138°34.3′E,1 km,5.9,震度６弱
2011/3/12,44:28.3,長野県北部,36°56.5′N,138°35.8′E,0 km,4.2,震度４
2011/3/12,45:22.4,福島県沖,37°29.4′N,141°39.9′E,26 km,5.2,震度４
2011/3/12,46:17.3,新潟県中越地方,37°01.6′N,138°36.0′E,14 km,4.1,震度４
2011/3/12,46:46.1,秋田県沖,40°23.6′N,139°05.3′E,4 km,6.4,震度４
2011/3/12,49:21.0,長野県北部,36°55.2′N,138°34.9′E,2 km,3.9,震度４
2011/3/12,42:19.8,長野県北部,36°58.3′N,138°35.4′E,4 km,5.3,震度６弱
2011/3/12,11:06.9,長野県北部,36°56.4′N,138°31.7′E,7 km,3.7,震度４
2011/3/12,30:01.6,長野県北部,36°55.5′N,138°32.2′E,3 km,3.1,震度４
2011/3/12,34:22.2,福島県沖,37°27.1′N,141°18.5′E,23 km,4.8,震度４
2011/3/12,01:46.5,新潟県中越地方,36°56.3′N,138°36.3′E,4 km,3.9,震度４
2011/3/12,14:04.8,新潟県中越地方,36°59.6′N,138°38.3′E,10 km,4.2,震度４
2011/3/12,18:06.0,新潟県中越地方,36°58.1′N,138°36.7′E,7 km,3.8,震度４
2011/3/12,11:52.0,福島県浜通り,37°10.8′N,140°58.4′E,10 km,4.6,震度４
2011/3/12,32:23.6,長野県北部,36°56.0′N,138°33.4′E,5 km,3.7,震度４
2011/3/12,13:56.1,福島県沖,37°19.3′N,141°13.3′E,30 km,4.9,震度４
2011/3/12,42:35.2,長野県北部,36°58.6′N,138°35.8′E,6 km,3.7,震度４
2011/3/12,47:12.6,福島県沖,37°28.5′N,142°45.2′E,0 km,6.8,震度４
2011/3/12,06:08.8,宮城県沖,38°44.1′N,142°10.0′E,40 km,5.3,震度４
2011/3/12,55:13.4,長野県北部,36°56.9′N,138°33.5′E,7 km,4.2,震度４
2011/3/12,18:39.5,岩手県沖,39°09.4′N,142°42.2′E,44 km,5.5,震度４
2011/3/12,08:01.7,長野県北部,36°57.5′N,138°33.0′E,5 km,3.6,震度４
2011/3/12,53:28.4,宮城県沖,38°59.8′N,142°32.2′E,20 km,5.8,震度４
2011/3/12,15:41.7,福島県沖,37°11.8′N,141°25.5′E,40 km,6.2,震度５弱
2011/3/12,34:58.7,長野県北部,36°58.0′N,138°34.0′E,5 km,3.7,震度５弱
2011/3/12,43:05.9,岩手県沖,39°28.2′N,142°41.7′E,9 km,5.9,震度４
2011/3/13,09:14.3,福島県沖,37°23.6′N,141°17.8′E,28 km,4.5,震度４
2011/3/13,24:46.9,宮城県沖,38°00.7′N,141°56.9′E,15 km,6.2,震度５弱
2011/3/13,26:02.0,茨城県沖,35°49.6′N,141°58.3′E,11 km,6.6,震度４
2011/3/13,32:18.9,新潟県中越地方,37°00.8′N,138°40.1′E,9 km,3.8,震度４
2011/3/13,27:54.7,長野県北部,36°58.0′N,138°34.2′E,6 km,3.6,震度４
2011/3/14,02:38.7,茨城県沖,36°27.5′N,141°07.5′E,32 km,6.2,震度５弱
2011/3/14,12:33.9,宮城県沖,37°48.2′N,142°35.2′E,7 km,6.5,震度４
2011/3/14,17:47.6,福島県沖,37°43.4′N,142°25.9′E,4 km,5.3,震度４
2011/3/14,38:51.7,長野県北部,36°55.9′N,138°35.9′E,4 km,3.5,震度４
2011/3/14,52:22.8,福島県沖,36°57.3′N,141°07.2′E,52 km,5.2,震度４
2011/3/15,27:53.6,福島県沖,37°35.9′N,142°17.9′E,10 km,6.2,震度４
2011/3/15,31:46.3,静岡県東部,35°18.5′N,138°42.8′E,14 km,6.4,震度６強
2011/3/15,40:09.5,静岡県東部,35°21.1′N,138°43.6′E,10 km,4.2,震度４
2011/3/16,33:28.4,岐阜県飛騨地方,35°58.7′N,137°18.5′E,7 km,4,震度４
2011/3/16,52:02.7,千葉県東方沖,35°50.2′N,140°54.3′E,10 km,6.1,震度５弱
2011/3/16,14:29.6,福島県沖,37°32.0′N,141°34.8′E,25 km,5.6,震度４
2011/3/16,39:02.5,茨城県南部,35°55.0′N,140°26.4′E,53 km,5.4,震度４
2011/3/16,46:10.0,宮城県沖,38°32.2′N,141°48.1′E,54 km,5.3,震度４
2011/3/17,13:57.3,岩手県沖,40°07.5′N,142°24.6′E,31 km,5.9,震度４
2011/3/17,32:02.4,千葉県東方沖,35°37.8′N,140°58.7′E,28 km,5.7,震度４
2011/3/17,54:53.6,茨城県沖,36°44.2′N,141°18.5′E,47 km,5.7,震度４
2011/3/18,01:34.4,千葉県東方沖,35°49.3′N,141°06.7′E,35 km,5.4,震度４
2011/3/19,32:59.8,岩手県沖,39°11.1′N,142°25.2′E,37 km,5.7,震度４
2011/3/19,49:02.6,福島県沖,37°43.6′N,141°54.7′E,16 km,5.3,震度４
2011/3/19,56:19.6,茨城県北部,36°46.9′N,140°34.4′E,6 km,4,震度４
2011/3/19,56:48.0,茨城県北部,36°47.0′N,140°34.2′E,5 km,6.1,震度５強
2011/3/20,30:45.5,福島県沖,36°56.3′N,141°10.6′E,29 km,5.5,震度４
2011/3/20,03:47.5,岩手県沖,39°20.6′N,142°02.9′E,48 km,5.9,震度４
2011/3/21,54:20.2,福島県沖,37°18.4′N,141°07.4′E,29 km,4.6,震度４
2011/3/22,38:34.7,千葉県東方沖,35°15.8′N,141°14.2′E,37 km,5.9,震度４
2011/3/22,18:40.8,福島県沖,37°05.1′N,144°14.8′E,28 km,6.7,震度４
2011/3/22,19:05.2,福島県沖,37°18.9′N,141°54.6′E,43 km,6.4,震度４
2011/3/22,44:25.4,三陸沖,39°55.1′N,143°39.6′E,0 km,6.5,震度４
2011/3/23,49:27.4,岩手県沖,39°13.3′N,142°23.9′E,34 km,5.2,震度４
2011/3/23,12:28.7,福島県浜通り,37°05.0′N,140°47.2′E,8 km,6,震度５強
2011/3/23,34:56.0,福島県浜通り,37°05.8′N,140°47.7′E,7 km,5.5,震度５強
2011/3/23,36:31.3,福島県浜通り,37°03.8′N,140°46.2′E,7 km,5.8,震度５弱
2011/3/23,55:20.2,福島県浜通り,37°06.6′N,140°45.6′E,9 km,4.7,震度５強
2011/3/24,32:56.1,茨城県沖,36°13.6′N,140°56.1′E,45 km,4.7,震度４
2011/3/24,56:49.4,茨城県南部,36°10.6′N,140°02.5′E,52 km,4.8,震度５弱
2011/3/24,20:58.6,岩手県沖,39°04.6′N,142°21.4′E,34 km,6.2,震度５弱
2011/3/25,36:24.2,宮城県沖,38°43.7′N,142°06.4′E,45 km,6.3,震度４
2011/3/26,18:34.8,宮城県沖,38°34.0′N,141°53.4′E,49 km,5.2,震度４
2011/3/26,33:04.3,福島県浜通り,37°04.8′N,140°46.1′E,9 km,3.7,震度４
2011/3/26,10:59.6,茨城県北部,36°43.5′N,140°39.1′E,7 km,4.3,震度４
2011/3/27,36:02.1,福島県浜通り,37°07.9′N,140°51.0′E,6 km,4,震度４
2011/3/28,23:57.0,宮城県沖,38°23.0′N,142°20.7′E,32 km,6.5,震度５弱
2011/3/29,54:30.4,福島県沖,37°24.5′N,142°28.1′E,13 km,6.6,震度４
2011/3/30,19:04.7,茨城県沖,36°38.9′N,140°55.9′E,50 km,5,震度４
2011/3/31,32:52.5,長野県北部,36°57.6′N,138°34.4′E,4 km,2.8,震度４
2011/3/31,15:29.6,宮城県沖,38°52.3′N,142°05.0′E,47 km,6.1,震度５弱
2011/4/1,49:44.1,秋田県内陸北部,40°15.4′N,140°21.8′E,12 km,5,震度５強
2011/4/1,57:54.6,岩手県沖,39°20.1′N,142°09.9′E,45 km,6,震度４
2011/4/2,59:49.6,宮城県沖,38°52.5′N,141°59.7′E,49 km,4.9,震度４
2011/4/2,08:07.3,宮城県沖,38°46.3′N,142°05.7′E,42 km,5.2,震度４
2011/4/2,55:53.6,茨城県南部,36°12.4′N,139°57.7′E,54 km,5,震度５弱
2011/4/2,38:08.0,福島県浜通り,37°05.7′N,140°50.0′E,6 km,4.8,震度４
2011/4/3,38:45.1,福島県沖,37°37.5′N,141°39.0′E,47 km,5.4,震度４
2011/4/3,57:39.2,福島県沖,37°15.8′N,141°24.1′E,48 km,4.6,震度４
2011/4/5,43:57.0,茨城県沖,36°18.1′N,140°54.9′E,41 km,4.3,震度４
2011/4/6,56:50.4,茨城県北部,36°44.0′N,140°36.1′E,7 km,4.9,震度４
2011/4/6,54:51.1,福島県沖,37°38.0′N,141°34.3′E,46 km,5.3,震度４
2011/4/7,40:46.6,茨城県沖,36°32.4′N,140°53.4′E,51 km,4.9,震度４
2011/4/7,32:43.4,宮城県沖,38°12.2′N,141°55.2′E,66 km,7.2,震度６強
2011/4/9,02:19.0,茨城県南部,36°13.7′N,140°05.4′E,54 km,4.3,震度４
2011/4/9,42:20.3,宮城県沖,38°14.8′N,141°48.8′E,58 km,5.4,震度５弱
2011/4/10,22:15.8,福島県浜通り,37°05.0′N,140°46.0′E,7 km,3.8,震度４
2011/4/11,35:53.9,茨城県沖,36°44.4′N,141°09.2′E,53 km,5.1,震度４
2011/4/11,51:44.8,福島県沖,37°28.1′N,141°19.4′E,29 km,5,震度４
2011/4/11,16:12.0,福島県浜通り,36°56.7′N,140°40.3′E,6 km,7,震度６弱
2011/4/11,17:47.5,福島県浜通り,36°53.4′N,140°42.9′E,9 km,5.7,震度５弱
2011/4/11,19:31.4,福島県浜通り,37°00.3′N,140°43.2′E,11 km,4.5,震度４
2011/4/11,26:29.0,福島県中通り,37°03.7′N,140°37.3′E,5 km,5.4,震度５弱
2011/4/11,58:02.8,福島県中通り,37°01.4′N,140°36.4′E,10 km,4.9,震度４
2011/4/11,59:45.3,福島県浜通り,36°59.5′N,140°43.8′E,12 km,4.8,震度４
2011/4/11,05:18.4,福島県浜通り,36°59.3′N,140°43.8′E,12 km,5.1,震度４
2011/4/11,36:20.2,福島県浜通り,36°54.0′N,140°40.8′E,8 km,4.8,震度４
2011/4/11,42:35.1,福島県浜通り,36°57.9′N,140°38.0′E,11 km,5.9,震度５弱
2011/4/11,05:40.2,福島県浜通り,37°01.1′N,140°41.4′E,11 km,4.7,震度４
2011/4/12,57:55.8,福島県浜通り,37°03.7′N,140°39.2′E,11 km,5,震度４
2011/4/12,26:16.8,長野県北部,36°49.1′N,138°36.3′E,0 km,5.6,震度５弱
2011/4/12,08:15.8,千葉県東方沖,35°28.9′N,140°52.0′E,26 km,6.4,震度５弱
2011/4/12,48:14.7,福島県浜通り,37°01.8′N,140°41.5′E,11 km,4.7,震度４
2011/4/12,07:42.2,福島県中通り,37°03.1′N,140°38.6′E,15 km,6.4,震度６弱
2011/4/12,26:33.2,福島県浜通り,37°02.5′N,140°39.1′E,14 km,4.8,震度４
2011/4/12,32:47.1,福島県中通り,37°05.9′N,140°39.2′E,15 km,4,震度４
2011/4/12,14:59.5,長野県北部,36°49.9′N,138°34.1′E,1 km,4.6,震度４
2011/4/12,48:25.4,福島県浜通り,37°01.6′N,140°41.3′E,10 km,4.9,震度４
2011/4/12,15:34.7,福島県浜通り,37°09.0′N,140°49.2′E,10 km,4.5,震度４
2011/4/13,37:48.4,岩手県沖,39°20.6′N,142°03.8′E,48 km,5.5,震度４
2011/4/13,07:58.0,福島県浜通り,36°54.9′N,140°42.4′E,5 km,5.7,震度５弱
2011/4/14,35:49.7,茨城県北部,36°46.7′N,140°34.3′E,9 km,5.1,震度４
2011/4/14,08:58.3,福島県浜通り,36°59.0′N,140°46.3′E,11 km,5.4,震度４
2011/4/16,19:31.6,茨城県南部,36°20.4′N,139°56.7′E,79 km,5.9,震度５強
2011/4/17,56:22.4,新潟県中越地方,37°01.3′N,138°41.3′E,8 km,4.9,震度５弱
2011/4/17,46:52.0,福島県浜通り,37°05.6′N,140°50.0′E,7 km,4.5,震度４
2011/4/18,08:13.5,福島県中通り,37°05.2′N,140°39.5′E,8 km,4.2,震度４
2011/4/19,14:27.2,秋田県内陸南部,39°36.1′N,140°23.2′E,6 km,4.9,震度５弱
2011/4/19,55:33.3,岩手県沖,40°04.6′N,142°06.7′E,48 km,4.3,震度４
2011/4/19,10:20.0,茨城県南部,36°10.1′N,139°48.4′E,53 km,5,震度４
2011/4/19,47:08.1,福島県沖,36°52.8′N,140°48.8′E,8 km,4.5,震度４
2011/4/21,18:13.0,宮城県沖,38°19.2′N,142°13.9′E,31 km,5.2,震度４
2011/4/21,37:02.1,千葉県東方沖,35°40.5′N,140°41.1′E,46 km,6,震度５弱
2011/4/22,11:16.9,福島県沖,37°30.6′N,141°27.1′E,48 km,5.6,震度４
2011/4/23,25:16.1,福島県沖,37°10.1′N,141°11.6′E,21 km,5.4,震度５弱
2011/4/23,15:26.8,茨城県北部,36°42.5′N,140°38.4′E,5 km,4.5,震度４
2011/4/24,09:51.7,福島県中通り,37°03.5′N,140°38.3′E,14 km,4.5,震度４
2011/4/25,00:18.5,茨城県沖,36°10.4′N,141°01.5′E,39 km,5,震度４
2011/4/26,12:01.5,茨城県南部,36°05.1′N,139°58.5′E,46 km,5,震度４
2011/4/27,27:24.2,長野県北部,36°49.2′N,138°37.4′E,0 km,4.6,震度４
2011/4/28,27:46.7,福島県沖,37°24.8′N,141°46.8′E,44 km,5.7,震度４
2011/4/29,54:48.1,岩手県沖,39°20.4′N,142°03.8′E,48 km,4.8,震度４
2011/4/30,06:31.1,茨城県沖,36°45.5′N,141°16.8′E,37 km,5.3,震度４
2011/4/30,46:59.3,福島県沖,37°20.1′N,141°17.7′E,33 km,4.5,震度４
2011/5/1,48:45.7,福島県沖,37°25.4′N,141°12.5′E,29 km,4.6,震度４
2011/5/3,57:14.8,福島県中通り,37°00.7′N,140°35.1′E,8 km,4.5,震度４
2011/5/6,04:27.3,福島県浜通り,37°05.9′N,140°48.5′E,6 km,5.2,震度５弱
2011/5/7,34:53.9,福島県会津,37°44.7′N,139°55.9′E,8 km,4.6,震度４
2011/5/8,52:20.3,岩手県沖,40°14.6′N,142°30.0′E,34 km,5.7,震度４
2011/5/10,38:22.7,茨城県北部,36°41.9′N,140°38.2′E,6 km,4.5,震度４
2011/5/10,01:53.4,和歌山県北部,34°11.9′N,135°11.1′E,5 km,4.2,震度４
2011/5/14,35:50.9,福島県沖,37°19.6′N,141°37.7′E,41 km,5.9,震度４
2011/5/17,53:32.7,福島県沖,37°22.6′N,141°17.8′E,35 km,4.6,震度４
2011/5/18,23:56.2,福島県沖,37°13.2′N,141°23.6′E,48 km,4.2,震度４
2011/5/20,46:15.4,千葉県東方沖,35°48.0′N,141°10.5′E,36 km,5.8,震度４
2011/5/20,28:46.4,福島県沖,37°27.1′N,141°29.0′E,41 km,5.2,震度４
2011/5/20,53:03.9,茨城県南部,35°59.3′N,140°05.3′E,64 km,4.6,震度４
2011/5/22,06:27.4,千葉県北東部,35°43.7′N,140°38.6′E,48 km,5.5,震度４
2011/5/25,36:13.4,福島県浜通り,37°06.7′N,140°49.8′E,7 km,5,震度５弱
2011/5/26,56:36.2,茨城県北部,36°43.1′N,140°37.4′E,6 km,4.8,震度４
2011/5/27,34:15.3,福島県浜通り,37°06.7′N,140°49.7′E,8 km,4.7,震度４
2011/5/27,04:08.1,福島県中通り,37°04.4′N,140°38.7′E,15 km,4.2,震度４
2011/5/27,33:36.1,秋田県内陸南部,39°36.7′N,140°37.9′E,5 km,4.6,震度４
2011/5/31,28:35.7,岩手県沖,39°20.5′N,142°03.7′E,48 km,5.3,震度４
2011/6/2,33:48.0,新潟県中越地方,37°01.0′N,138°42.3′E,6 km,4.7,震度５強
2011/6/2,51:03.0,新潟県中越地方,37°02.5′N,138°42.4′E,8 km,4.1,震度４
2011/6/2,01:50.0,新潟県中越地方,37°01.7′N,138°41.5′E,8 km,3.4,震度４
2011/6/4,00:14.1,福島県沖,36°59.4′N,141°12.6′E,30 km,5.5,震度５弱
2011/6/4,57:31.0,島根県東部,35°05.7′N,132°40.2′E,11 km,5.2,震度４
2011/6/9,11:14.0,岩手県沖,39°02.4′N,142°26.5′E,34 km,5,震度４
2011/6/9,38:32.9,茨城県沖,36°29.8′N,140°58.2′E,13 km,5.7,震度４
2011/6/12,08:58.4,福島県沖,37°12.9′N,141°12.6′E,21 km,4.5,震度４
2011/6/14,48:54.9,釧路沖,43°07.0′N,145°21.6′E,73 km,5.1,震度４
2011/6/18,39:04.6,福島県中通り,37°03.6′N,140°37.6′E,15 km,4.6,震度４
2011/6/18,31:04.6,福島県沖,37°37.0′N,141°49.2′E,28 km,6,震度４
2011/6/23,50:50.7,岩手県沖,39°56.8′N,142°35.4′E,36 km,6.9,震度５弱
2011/6/23,22:49.3,福島県沖,37°03.9′N,141°10.4′E,50 km,4.5,震度４
2011/6/23,35:02.2,宮城県沖,38°28.0′N,141°36.4′E,57 km,5.3,震度４
2011/6/28,18:26.2,熊本県熊本地方,33°01.4′N,130°44.1′E,11 km,4.2,震度４
2011/6/30,16:37.0,長野県中部,36°11.3′N,137°57.2′E,4 km,5.4,震度５強
2011/6/30,21:33.7,長野県中部,36°11.3′N,137°57.2′E,4 km,5.1,震度４
2011/6/30,11:36.2,長野県中部,36°12.1′N,137°57.1′E,4 km,3.4,震度４
2011/7/3,11:10.5,福島県会津,37°40.6′N,139°55.9′E,9 km,3.9,震度４
2011/7/5,18:43.4,和歌山県北部,33°59.4′N,135°14.0′E,7 km,5.5,震度５強
2011/7/5,34:55.6,和歌山県北部,33°59.7′N,135°14.5′E,7 km,4.5,震度４
2011/7/8,35:41.8,福島県沖,37°05.8′N,141°07.7′E,55 km,5.6,震度４
2011/7/10,57:07.3,三陸沖,38°01.9′N,143°30.4′E,34 km,7.3,震度４
2011/7/11,09:11.9,福島県浜通り,37°05.5′N,140°50.1′E,8 km,4.4,震度４
2011/7/11,29:28.3,岩手県沖,39°20.5′N,142°03.6′E,48 km,5.1,震度４
2011/7/12,59:58.9,宮城県沖,38°45.6′N,142°03.7′E,57 km,4.8,震度４
2011/7/13,37:23.2,宮城県沖,38°19.8′N,142°00.4′E,47 km,5.1,震度４
2011/7/13,47:09.7,福島県沖,37°17.4′N,141°10.4′E,14 km,5.3,震度４
2011/7/15,01:10.8,茨城県南部,36°09.8′N,140°05.0′E,66 km,5.4,震度５弱
2011/7/21,18:14.3,沖縄本島近海,27°13.9′N,128°18.9′E,59 km,5.2,震度４
2011/7/23,34:23.8,宮城県沖,38°52.4′N,142°05.4′E,47 km,6.4,震度５強
2011/7/24,32:12.4,三重県南部,33°55.2′N,136°08.3′E,42 km,4.8,震度４
2011/7/25,51:25.3,福島県沖,37°42.5′N,141°37.6′E,46 km,6.3,震度５弱
2011/7/31,53:50.6,福島県沖,36°54.1′N,141°13.2′E,57 km,6.5,震度５強
2011/8/1,35:57.1,浦河沖,41°42.5′N,143°00.7′E,37 km,5.5,震度４
2011/8/1,44:47.8,岩手県沖,39°48.9′N,142°15.2′E,43 km,5.8,震度４
2011/8/1,58:11.0,駿河湾,34°42.4′N,138°32.9′E,23 km,6.2,震度５弱
2011/8/5,16:02.3,福島県浜通り,37°07.2′N,140°50.8′E,7 km,4.7,震度４
2011/8/7,34:50.6,茨城県北部,36°43.7′N,140°35.7′E,7 km,4.7,震度４
2011/8/10,13:21.7,和歌山県北部,34°03.0′N,135°31.2′E,61 km,4.7,震度４
2011/8/11,31:22.8,宮城県沖,38°26.9′N,142°13.8′E,30 km,5.3,震度４
2011/8/12,22:04.7,福島県沖,36°58.1′N,141°09.6′E,52 km,6.1,震度５弱
2011/8/14,38:30.6,茨城県北部,36°44.7′N,140°34.5′E,9 km,4.3,震度４
2011/8/15,26:48.0,茨城県南部,36°07.6′N,140°04.8′E,64 km,4.7,震度４
2011/8/17,23:16.4,埼玉県南部,36°02.1′N,139°47.6′E,78 km,4.3,震度４
2011/8/17,05:04.3,宮城県沖,38°27.6′N,142°11.2′E,31 km,5.1,震度４
2011/8/19,36:31.6,福島県沖,37°38.9′N,141°47.8′E,51 km,6.5,震度５弱
2011/8/21,58:40.1,宮城県沖,38°37.3′N,141°57.3′E,50 km,4.8,震度４
2011/8/22,05:44.0,福島県沖,37°05.2′N,141°07.6′E,53 km,4.5,震度４
2011/8/22,07:08.2,十勝地方南部,42°40.2′N,143°16.1′E,25 km,4.7,震度４
2011/8/27,05:31.5,茨城県沖,36°44.1′N,140°45.1′E,15 km,4.3,震度４
2011/9/7,27:24.8,浦河沖,42°14.8′N,142°35.4′E,10 km,4.3,震度４
2011/9/7,29:43.0,日高地方中部,42°15.6′N,142°35.3′E,10 km,5.1,震度５強
2011/9/10,00:31.5,茨城県沖,36°25.7′N,140°41.6′E,53 km,4.8,震度４
2011/9/13,42:41.9,茨城県沖,36°32.7′N,140°47.7′E,54 km,4.3,震度４
2011/9/15,00:08.6,茨城県沖,36°15.3′N,141°29.0′E,51 km,6.3,震度４
2011/9/17,26:35.8,岩手県沖,40°15.5′N,143°05.1′E,7 km,6.6,震度４
2011/9/18,39:46.3,浦河沖,41°56.1′N,142°26.4′E,66 km,5,震度４
2011/9/21,30:57.1,茨城県北部,36°44.2′N,140°34.6′E,9 km,5.2,震度５弱
2011/9/23,15:56.0,茨城県北部,36°41.5′N,140°37.0′E,4 km,5.1,震度４
2011/9/26,49:18.1,日高地方中部,42°15.0′N,142°35.6′E,9 km,4.2,震度４
2011/9/26,20:13.8,福島県会津,37°41.0′N,139°56.6′E,9 km,4.2,震度４
2011/9/26,46:03.4,茨城県北部,36°40.4′N,140°39.6′E,5 km,4.2,震度４
2011/9/29,05:05.6,福島県浜通り,37°07.9′N,140°52.1′E,9 km,5.4,震度５強
2011/10/5,17:36.3,岩手県沖,40°11.0′N,142°01.1′E,12 km,5,震度４
2011/10/5,06:10.1,富山県東部,36°32.9′N,137°38.8′E,0 km,5.2,震度４
2011/10/5,33:27.5,熊本県熊本地方,32°54.8′N,130°51.0′E,10 km,4.5,震度５強
2011/10/10,45:57.0,福島県沖,37°30.4′N,141°29.1′E,47 km,5.6,震度４
2011/11/3,34:28.6,茨城県南部,35°55.2′N,140°08.5′E,62 km,4.9,震度４
2011/11/8,59:06.9,沖縄本島北西沖,27°17.8′N,125°44.3′E,217 km,7,震度４
2011/11/10,43:12.1,秋田県内陸南部,39°34.8′N,140°26.5′E,7 km,4.1,震度４
2011/11/18,57:56.2,福井県嶺北,35°56.0′N,136°20.2′E,7 km,4.8,震度４
2011/11/20,23:40.7,茨城県北部,36°42.6′N,140°35.2′E,9 km,5.3,震度５強
2011/11/21,16:29.5,広島県北部,34°52.3′N,132°53.6′E,12 km,5.4,震度５弱
2011/11/24,24:30.4,福島県沖,37°19.8′N,141°36.7′E,45 km,6.1,震度４
2011/11/24,25:33.7,浦河沖,41°45.0′N,142°53.2′E,43 km,6.2,震度５弱
2011/11/25,35:26.9,広島県北部,34°52.2′N,132°53.6′E,12 km,4.7,震度４
2011/12/3,55:29.0,千葉県北東部,35°21.1′N,140°19.3′E,22 km,5.2,震度４
2011/12/10,08:16.5,宮城県沖,38°37.5′N,141°48.7′E,45 km,4.7,震度４
2011/12/11,22:43.8,奄美大島近海,28°07.8′N,129°32.6′E,29 km,5.5,震度４
2011/12/14,01:08.2,岐阜県美濃東部,35°21.3′N,137°14.6′E,49 km,5.1,震度４
2012/1/1,28:52.9,新潟県中越地方,36°57.7′N,138°36.0′E,7 km,4.2,震度４
2012/1/1,27:52.0,鳥島近海,31°25.6′N,138°33.9′E,397 km,7,震度４
2012/1/5,13:51.7,福島県中通り,37°04.1′N,140°33.4′E,6 km,4.2,震度４
2012/1/12,20:49.0,福島県沖,36°58.0′N,141°18.2′E,33 km,5.9,震度４
2012/1/23,45:41.3,福島県沖,37°03.5′N,141°11.4′E,52 km,5.1,震度５弱
2012/1/26,42:55.2,宮城県沖,38°10.5′N,141°41.5′E,51 km,5.2,震度４
2012/1/28,39:43.1,山梨県東部・富士五湖,35°29.5′N,138°58.7′E,18 km,4.9,震度４
2012/1/28,43:14.0,山梨県東部・富士五湖,35°29.3′N,138°58.6′E,18 km,5.4,震度５弱
2012/1/28,22:16.4,岩手県沖,40°09.1′N,142°25.6′E,36 km,5.7,震度４
2012/1/28,20:54.2,茨城県沖,36°46.2′N,141°15.1′E,37 km,4.7,震度４
2012/1/29,46:43.1,山梨県東部・富士五湖,35°32.2′N,138°59.0′E,21 km,4.7,震度４
2012/1/30,18:23.2,日向灘,32°36.8′N,132°00.2′E,39 km,4.9,震度４
2013/1/10,48:19.9,福島県沖,37°30.8′N,141°28.3′E,48 km,5,震度４
2013/1/13,17:41.9,岩手県沖,39°08.6′N,142°18.7′E,48 km,4.8,震度４
2013/1/22,46:57.3,千葉県東方沖,35°52.4′N,140°56.2′E,16 km,5.1,震度４
2013/1/24,34:32.5,根室半島南東沖,43°02.4′N,145°48.9′E,65 km,5.2,震度４
2013/1/28,41:49.5,茨城県北部,36°34.2′N,140°33.6′E,74 km,4.8,震度５弱
2013/1/28,57:34.3,沖縄本島近海,27°17.4′N,128°26.4′E,48 km,4.9,震度４
2013/1/31,53:41.7,茨城県北部,36°42.1′N,140°36.2′E,8 km,4.7,震度５弱
2013/2/2,17:35.8,十勝地方南部,42°42.1′N,143°13.6′E,102 km,6.5,震度５強
2013/2/9,43:03.1,茨城県沖,36°50.6′N,141°21.5′E,33 km,5.2,震度４
2013/2/13,21:35.8,宮城県沖,38°25.7′N,141°53.7′E,56 km,4.7,震度４
2013/2/25,23:53.5,栃木県北部,36°52.4′N,139°24.7′E,3 km,6.3,震度５強
2013/2/25,34:42.7,栃木県北部,36°52.5′N,139°25.6′E,5 km,4.7,震度４
2013/2/25,00:47.1,栃木県北部,36°49.3′N,139°25.2′E,4 km,3.4,震度４
2013/3/6,32:45.0,沖縄本島近海,27°18.1′N,128°26.9′E,48 km,5,震度４
2013/3/18,53:39.0,茨城県北部,36°27.0′N,140°34.8′E,56 km,4.4,震度４
2013/3/31,46:18.6,宮城県沖,38°52.8′N,142°04.7′E,46 km,5.3,震度４
2013/4/4,58:13.4,石川県加賀地方,36°44.0′N,136°47.1′E,13 km,4.2,震度４
2013/4/4,42:36.5,千葉県東方沖,35°46.0′N,140°55.0′E,12 km,5.1,震度４
2013/4/13,33:17.7,淡路島付近,34°25.1′N,134°49.7′E,15 km,6.3,震度６弱
2013/4/14,25:01.9,福島県沖,37°31.9′N,141°24.3′E,51 km,5.3,震度４
2013/4/17,57:34.3,三宅島近海,34°02.8′N,139°21.1′E,9 km,6.2,震度５強
2013/4/17,03:32.4,宮城県沖,38°27.6′N,141°37.1′E,58 km,5.9,震度５弱
2013/4/19,05:54.6,千島列島,45°18.0′N,150°57.4′E,125 km,7,震度４
2013/4/19,11:08.2,千葉県東方沖,35°41.7′N,140°54.0′E,15 km,4.6,震度４
2013/4/21,27:32.1,福島県会津,37°23.6′N,140°03.4′E,12 km,4.3,震度４
2013/5/2,04:33.8,群馬県南部,36°31.3′N,139°21.5′E,6 km,4.1,震度４
2013/5/16,46:28.4,岩手県沖,40°20.5′N,141°55.5′E,12 km,5,震度４
2013/5/18,47:59.7,福島県沖,37°42.5′N,141°37.7′E,46 km,6,震度５強
2013/6/4,33:21.2,福島県沖,37°10.8′N,141°22.7′E,48 km,4.7,震度４
2013/6/7,29:21.0,新潟県上中越沖,37°10.3′N,138°10.6′E,11 km,3.8,震度４
2013/6/8,17:53.8,和歌山県北部,34°12.4′N,135°12.4′E,4 km,4,震度４
2013/6/8,39:00.8,和歌山県北部,34°12.5′N,135°12.6′E,4 km,3.9,震度４
2013/6/21,31:11.9,奄美大島近海,28°03.1′N,129°19.0′E,22 km,4.6,震度４
2013/6/27,13:04.5,栃木県北部,36°58.5′N,139°46.6′E,7 km,3.9,震度４
2013/7/10,21:47.1,相模湾,35°08.9′N,139°09.0′E,10 km,3.9,震度４
2013/7/10,22:15.1,岩手県沿岸北部,39°37.8′N,141°35.1′E,81 km,4.9,震度４
2013/7/16,45:58.7,岩手県沖,39°35.7′N,142°17.1′E,70 km,5.1,震度４
2013/7/16,09:27.1,釧路沖,42°58.1′N,145°27.6′E,47 km,5.1,震度４
2013/7/23,02:11.9,福島県浜通り,37°06.2′N,140°41.0′E,8 km,5.2,震度４
2013/8/3,56:15.3,遠州灘,34°38.5′N,137°31.9′E,34 km,4.9,震度４
2013/8/4,28:50.8,宮城県沖,38°09.7′N,141°48.1′E,58 km,6,震度５強
2013/8/30,36:48.1,福島県会津,37°40.5′N,139°56.0′E,8 km,3.9,震度４
2013/8/30,32:24.6,和歌山県南方沖,33°39.2′N,135°58.4′E,12 km,4.4,震度４
2013/9/4,18:20.7,鳥島近海,29°56.1′N,139°25.0′E,445 km,6.8,震度４
2013/9/9,04:21.0,茨城県北部,36°43.0′N,140°35.2′E,10 km,4.4,震度４
2013/9/13,49:33.3,茨城県沖,36°38.2′N,140°56.3′E,49 km,4.4,震度４
2013/9/15,43:05.2,福島県会津,37°40.7′N,139°56.1′E,9 km,3.5,震度４
2013/9/20,25:08.3,福島県浜通り,37°03.0′N,140°41.7′E,17 km,5.9,震度５強
2013/9/30,37:38.7,茨城県沖,36°38.3′N,140°56.9′E,49 km,4.4,震度４
2013/10/10,46:38.2,岩手県沖,40°04.5′N,142°07.4′E,48 km,4.4,震度４
2013/10/12,43:12.1,茨城県沖,36°25.9′N,140°41.8′E,52 km,4.8,震度４
2013/10/20,14:24.0,宮城県沖,38°10.4′N,141°42.1′E,51 km,5.1,震度４
2013/10/20,07:30.0,茨城県沖,36°25.6′N,140°38.8′E,53 km,4.3,震度４
2013/10/26,10:18.3,福島県沖,37°11.7′N,144°34.1′E,56 km,7.1,震度４
2013/11/3,25:14.9,茨城県南部,36°00.4′N,140°06.8′E,63 km,5.1,震度４
2013/11/10,37:51.2,茨城県南部,36°00.1′N,140°05.0′E,64 km,5.5,震度５弱
2013/11/15,00:34.4,青森県東方沖,41°27.6′N,142°03.5′E,63 km,5.3,震度４
2013/11/16,44:41.3,千葉県北西部,35°35.6′N,140°09.0′E,72 km,5.3,震度４
2013/11/26,43:02.6,宮城県沖,38°31.6′N,141°49.0′E,51 km,4.9,震度４
2013/12/3,58:14.8,千葉県東方沖,35°46.8′N,140°54.7′E,12 km,4.5,震度４
2013/12/14,06:15.0,千葉県東方沖,35°38.5′N,140°43.8′E,49 km,5.5,震度４
2013/12/21,10:46.4,茨城県南部,35°55.7′N,140°08.2′E,62 km,5.2,震度４
2013/12/21,34:14.3,千葉県東方沖,35°39.8′N,140°43.1′E,51 km,5.5,震度４
2013/12/31,03:00.1,茨城県北部,36°41.4′N,140°37.7′E,7 km,5.4,震度５弱
2014/1/9,15:11.9,西表島付近,24°34.7′N,123°27.5′E,70 km,5.5,震度４
2014/1/9,57:32.7,茨城県北部,36°47.3′N,140°34.8′E,7 km,4.6,震度４
2014/2/2,05:39.3,奄美大島近海,27°56.0′N,128°53.6′E,46 km,4.5,震度４
2014/2/6,32:12.7,宮城県沖,38°38.5′N,142°25.6′E,40 km,5.3,震度４
2014/2/8,18:32.8,福島県沖,37°31.0′N,141°28.1′E,48 km,5,震度４
2014/2/8,34:22.4,福島県沖,37°03.9′N,141°10.6′E,51 km,4.8,震度４
2014/3/3,11:22.9,沖縄本島北西沖,27°22.9′N,127°23.7′E,116 km,6.4,震度４
2014/3/14,06:50.8,伊予灘,33°41.5′N,131°53.4′E,78 km,6.2,震度５強
2014/4/3,22:48.0,岩手県沿岸南部,39°10.2′N,141°45.8′E,64 km,5.5,震度４
2014/4/8,07:57.2,新潟県中越地方,37°23.1′N,138°57.3′E,9 km,4.4,震度４
2014/4/13,16:02.5,福島県沖,37°18.4′N,141°09.9′E,64 km,4.9,震度４
2014/4/18,53:02.5,茨城県南部,36°07.4′N,139°50.7′E,49 km,4.7,震度４
2014/5/5,18:25.4,伊豆大島近海,34°57.1′N,139°28.8′E,156 km,6,震度５弱
2014/5/13,35:02.9,千葉県北西部,35°34.0′N,140°06.8′E,72 km,4.9,震度４
2014/6/8,24:29.6,岩手県沿岸南部,39°07.1′N,141°45.1′E,67 km,5,震度４
2014/6/9,10:42.9,宮城県沖,37°54.2′N,141°14.8′E,78 km,4.6,震度４
2014/6/15,31:42.1,岩手県内陸南部,39°23.7′N,141°06.4′E,94 km,5.5,震度４
2014/6/16,14:50.6,福島県沖,37°04.3′N,141°09.8′E,52 km,5.8,震度４
2014/6/26,47:14.2,根室半島南東沖,43°06.0′N,145°33.7′E,49 km,4.8,震度４
2014/7/3,58:04.3,茨城県北部,36°41.4′N,140°39.3′E,10 km,4,震度４
2014/7/5,42:04.6,岩手県沖,39°40.5′N,142°08.1′E,49 km,5.9,震度５弱
2014/7/6,22:56.8,日高地方東部,42°11.8′N,142°57.8′E,50 km,4.6,震度４
2014/7/8,05:24.2,胆振地方中東部,42°38.9′N,141°16.0′E,3 km,5.6,震度５弱
2014/7/10,58:53.9,茨城県北部,36°50.2′N,140°33.7′E,5 km,4.8,震度４
2014/7/12,22:00.4,福島県沖,37°03.0′N,142°19.2′E,33 km,7,震度４
2014/7/16,24:51.6,福島県浜通り,37°02.2′N,140°42.0′E,13 km,4.6,震度４
2014/8/6,17:23.3,京都府南部,35°04.2′N,135°29.7′E,14 km,4.3,震度４
2014/8/10,43:18.1,青森県東方沖,41°08.0′N,142°16.7′E,51 km,6.1,震度５弱
2014/8/19,26:23.3,根室半島南東沖,42°58.7′N,145°38.1′E,46 km,4.9,震度４
2014/8/24,26:52.6,埼玉県南部,36°03.2′N,139°47.6′E,77 km,4.3,震度４
2014/8/29,14:35.5,日向灘,32°08.4′N,132°08.7′E,18 km,6,震度４
2014/8/29,19:40.9,茨城県北部,36°38.7′N,140°39.8′E,10 km,4.2,震度４
2014/9/3,24:18.9,栃木県北部,36°52.4′N,139°31.3′E,7 km,5.1,震度５弱
2014/9/4,34:36.7,栃木県北部,36°52.4′N,139°30.8′E,7 km,4.5,震度４
2014/9/10,09:36.4,岩手県沖,40°08.0′N,141°55.5′E,67 km,4.9,震度４
2014/9/16,28:31.5,茨城県南部,36°05.6′N,139°51.8′E,47 km,5.6,震度５弱
2014/9/18,18:55.2,宮古島近海,24°49.6′N,125°23.7′E,50 km,5.2,震度４
2014/9/24,45:46.6,福島県沖,37°32.1′N,141°24.0′E,51 km,5.1,震度４
2014/9/24,30:56.5,福島県沖,37°32.1′N,141°23.5′E,51 km,5.1,震度４
2014/10/3,57:30.0,岩手県沖,40°09.9′N,142°37.6′E,28 km,5.7,震度４
2014/10/11,35:46.4,青森県東方沖,40°57.1′N,143°14.6′E,36 km,6.1,震度４
2014/10/15,52:10.8,沖縄本島近海,26°17.3′N,127°21.6′E,46 km,5.1,震度４
2014/10/15,51:16.5,宮城県沖,38°32.7′N,141°37.4′E,64 km,4.6,震度４
2014/10/22,15:17.4,沖縄本島近海,27°26.5′N,128°34.1′E,51 km,5.6,震度４
2014/11/3,28:06.9,苫小牧沖,42°35.1′N,141°50.3′E,29 km,4.6,震度４
2014/11/12,53:28.9,茨城県南部,36°08.0′N,140°05.1′E,66 km,4.8,震度４
2014/11/20,51:43.1,福島県沖,37°20.2′N,141°34.7′E,46 km,5.5,震度４
2014/11/22,08:17.9,長野県北部,36°41.5′N,137°53.4′E,5 km,6.7,震度６弱
2014/11/22,37:49.1,長野県北部,36°46.7′N,137°54.6′E,3 km,4.5,震度５弱
2014/11/24,12:19.3,長野県北部,36°47.3′N,137°54.4′E,5 km,3.6,震度４
2014/11/25,26:55.4,長野県北部,36°45.9′N,137°54.0′E,1 km,3.9,震度４
2014/12/11,07:50.6,山梨県東部・富士五湖,35°33.2′N,138°58.0′E,23 km,4.3,震度４
2014/12/18,45:05.2,宮城県沖,38°55.8′N,142°07.1′E,46 km,4.6,震度４
2014/12/20,29:57.8,福島県沖,37°25.5′N,141°36.3′E,44 km,6,震度４
2014/12/26,30:34.8,滋賀県北部,35°17.1′N,135°53.7′E,14 km,4.2,震度４
2015/1/1,57:14.4,苫小牧沖,42°35.0′N,141°50.2′E,30 km,4.5,震度４
2015/1/9,42:10.9,根室地方北部,43°33.1′N,145°02.8′E,126 km,5.5,震度４
2015/1/26,20:01.6,千葉県北東部,35°52.6′N,140°28.9′E,37 km,5,震度４
2015/2/1,42:51.1,富山湾,37°15.7′N,137°08.6′E,15 km,4.4,震度４
2015/2/6,25:12.4,徳島県南部,33°44.0′N,134°22.2′E,11 km,5.1,震度５強
2015/2/17,06:34.6,三陸沖,39°52.3′N,143°11.5′E,13 km,6.9,震度４
2015/2/17,46:39.3,岩手県沖,40°05.1′N,142°06.7′E,50 km,5.7,震度５強
2015/2/26,11:23.7,宮城県沖,38°27.8′N,142°05.9′E,50 km,5,震度４
2015/3/4,04:20.8,愛知県西部,35°20.6′N,136°48.2′E,40 km,4.6,震度４
2015/3/24,06:11.0,長野県北部,36°48.1′N,137°53.9′E,3 km,3.8,震度４
2015/4/20,42:55.6,与那国島近海,23°57.3′N,122°25.6′E,22 km,6.8,震度４
2015/4/23,15:32.6,青森県下北地方,41°19.0′N,141°12.1′E,7 km,3.8,震度４
2015/5/13,12:58.4,宮城県沖,38°51.7′N,142°09.0′E,46 km,6.8,震度５強
2015/5/15,30:35.6,福島県沖,37°03.7′N,141°10.8′E,51 km,5,震度４
2015/5/22,28:46.2,奄美大島近海,28°33.7′N,129°37.2′E,21 km,5.1,震度５弱
2015/5/25,28:10.3,埼玉県北部,36°03.2′N,139°38.3′E,56 km,5.5,震度５弱
2015/5/30,06:47.9,茨城県南部,36°08.7′N,139°48.6′E,53 km,4.8,震度４
2015/5/30,23:02.2,小笠原諸島西方沖,27°51.6′N,140°40.9′E,682 km,8.1,震度５強
2015/6/4,34:15.2,網走地方,43°29.5′N,144°03.6′E,0 km,5,震度５弱
2015/6/8,01:11.7,青森県東方沖,41°27.3′N,142°01.1′E,66 km,5.6,震度４
2015/6/9,44:07.5,茨城県南部,36°10.9′N,140°00.8′E,51 km,4.4,震度４
2015/6/23,35:16.6,青森県東方沖,41°29.0′N,142°05.2′E,63 km,4.6,震度４
2015/6/23,18:29.0,小笠原諸島西方沖,27°42.0′N,140°10.7′E,484 km,6.5,震度４
2015/7/10,15:13.8,茨城県南部,36°04.1′N,139°51.1′E,45 km,4.4,震度４
2015/7/10,32:51.2,岩手県内陸北部,40°21.2′N,141°33.5′E,88 km,5.7,震度５弱
2015/7/13,52:05.9,大分県南部,32°59.5′N,131°51.3′E,58 km,5.7,震度５強
2015/7/24,53:35.4,愛媛県南予,33°23.3′N,132°23.5′E,44 km,4.6,震度４
2015/8/6,22:29.0,茨城県沖,36°26.3′N,140°37.1′E,55 km,5.2,震度４
2015/8/14,13:32.9,福島県沖,37°09.9′N,141°26.2′E,49 km,5.1,震度４
2015/8/14,43:44.8,十勝地方中部,42°45.1′N,143°06.7′E,80 km,5.1,震度４
2015/8/26,51:36.2,日向灘,32°06.4′N,131°51.8′E,34 km,5.2,震度４
2015/9/12,49:07.1,東京湾,35°33.2′N,139°49.7′E,57 km,5.2,震度５弱
2015/9/12,38:01.6,浦河沖,41°49.5′N,142°40.2′E,56 km,5.4,震度４
2015/10/3,09:57.5,鹿児島県薩摩地方,32°04.1′N,130°12.3′E,9 km,4.1,震度４
2015/10/17,53:54.2,鳥取県中部,35°26.2′N,133°54.7′E,8 km,3.8,震度４
2015/10/18,30:35.1,鳥取県中部,35°26.2′N,133°54.3′E,8 km,4.2,震度４
2015/10/18,36:52.1,鳥取県中部,35°26.3′N,133°54.7′E,8 km,4.3,震度４
2015/10/21,04:49.4,福島県沖,37°18.8′N,141°11.5′E,37 km,5.3,震度４
2015/11/7,44:45.9,茨城県南部,35°59.3′N,139°57.6′E,101 km,4.9,震度４
2015/11/14,51:30.1,薩摩半島西方沖,30°56.5′N,128°35.4′E,17 km,7.1,震度４
2015/11/19,33:01.9,福島県沖,37°32.0′N,141°24.5′E,51 km,4.9,震度４
2015/11/22,20:26.9,茨城県沖,36°25.7′N,140°41.2′E,52 km,4.8,震度４
2015/11/28,51:08.1,根室半島南東沖,43°13.4′N,146°30.1′E,71 km,5.6,震度４
2015/12/14,01:37.2,鳥取県中部,35°26.7′N,133°54.6′E,8 km,4.2,震度４
2016/1/9,12:38.3,奄美大島近海,28°02.7′N,129°29.5′E,28 km,5.4,震度４
2016/1/11,26:41.1,青森県三八上北地方,40°23.2′N,141°15.8′E,10 km,4.6,震度５弱
2016/1/14,25:33.3,浦河沖,41°58.2′N,142°48.0′E,52 km,6.7,震度５弱
2016/1/25,13:22.4,福島県沖,37°07.7′N,141°08.4′E,29 km,4.2,震度４
2016/2/2,31:46.8,岩手県沖,39°40.8′N,142°54.4′E,22 km,5.6,震度４
2016/2/5,41:47.2,神奈川県東部,35°37.8′N,139°32.4′E,26 km,4.6,震度４
2016/2/7,09:48.9,茨城県北部,36°44.4′N,140°34.9′E,10 km,4.4,震度４
2016/2/7,26:57.3,茨城県南部,36°03.1′N,139°54.2′E,43 km,4.6,震度４
2016/3/3,11:16.0,宮崎県南部平野部,31°46.2′N,131°25.8′E,51 km,4.9,震度４
2016/3/22,34:21.8,茨城県北部,36°46.7′N,140°34.4′E,7 km,4.7,震度４
2016/4/1,39:07.8,三重県南東沖,33°19.4′N,136°22.9′E,29 km,6.5,震度４
2016/4/14,26:34.4,熊本県熊本地方,32°44.5′N,130°48.5′E,11 km,6.5,震度７
2016/4/14,28:11.9,熊本県熊本地方,32°40.7′N,130°44.7′E,10 km,4.1,震度４
2016/4/14,37:40.9,熊本県熊本地方,32°44.4′N,130°47.5′E,9 km,3.9,震度４
2016/4/14,42:24.4,熊本県熊本地方,32°43.0′N,130°46.0′E,12 km,4.9,震度４
2016/4/14,55:01.8,熊本県熊本地方,32°46.2′N,130°49.6′E,8 km,3.9,震度４
2016/4/14,06:51.6,熊本県熊本地方,32°42.7′N,130°45.9′E,13 km,4.6,震度４
2016/4/14,07:35.2,熊本県熊本地方,32°46.5′N,130°50.9′E,8 km,5.8,震度６弱
2016/4/14,09:34.5,熊本県熊本地方,32°46.5′N,130°51.4′E,9 km,4.4,震度４
2016/4/14,16:08.7,熊本県熊本地方,32°43.2′N,130°48.1′E,6 km,4.1,震度４
2016/4/14,18:04.7,熊本県熊本地方,32°46.5′N,130°49.6′E,9 km,4,震度４
2016/4/14,22:18.8,熊本県熊本地方,32°41.2′N,130°44.4′E,12 km,4.6,震度４
2016/4/14,38:43.5,熊本県熊本地方,32°40.6′N,130°44.1′E,11 km,5,震度５弱
2016/4/14,43:15.1,熊本県熊本地方,32°40.6′N,130°44.3′E,11 km,4.4,震度４
2016/4/14,28:13.6,熊本県熊本地方,32°47.3′N,130°51.1′E,13 km,4.4,震度４
2016/4/14,29:58.1,熊本県熊本地方,32°46.6′N,130°50.2′E,13 km,4.6,震度４
2016/4/14,43:41.1,熊本県熊本地方,32°46.0′N,130°49.6′E,14 km,5.1,震度５弱
2016/4/15,03:46.4,熊本県熊本地方,32°42.0′N,130°46.6′E,7 km,6.4,震度６強
2016/4/15,06:21.3,熊本県熊本地方,32°41.7′N,130°45.1′E,11 km,5,震度５強
2016/4/15,34:17.1,熊本県熊本地方,32°41.5′N,130°44.8′E,13 km,4.5,震度４
2016/4/15,50:31.4,熊本県熊本地方,32°44.2′N,130°45.5′E,13 km,4.2,震度４
2016/4/15,53:01.5,熊本県熊本地方,32°46.7′N,130°48.0′E,12 km,3.9,震度４
2016/4/15,53:01.4,熊本県熊本地方,32°42.0′N,130°45.1′E,12 km,4.8,震度５弱
2016/4/15,36:59.1,熊本県熊本地方,32°40.2′N,130°44.4′E,11 km,4.1,震度４
2016/4/15,10:36.8,熊本県熊本地方,32°45.7′N,130°48.7′E,10 km,4.6,震度４
2016/4/15,29:55.9,熊本県熊本地方,32°50.1′N,130°53.2′E,12 km,4.2,震度４
2016/4/15,46:52.0,熊本県熊本地方,32°43.8′N,130°47.8′E,11 km,4.4,震度４
2016/4/15,27:51.7,熊本県熊本地方,32°50.4′N,130°52.9′E,12 km,4.2,震度４
2016/4/15,15:13.5,熊本県熊本地方,32°41.8′N,130°44.5′E,12 km,3.8,震度４
2016/4/15,17:31.6,熊本県熊本地方,32°51.5′N,130°52.4′E,7 km,3.6,震度４
2016/4/16,25:05.4,熊本県熊本地方,32°45.2′N,130°45.7′E,12 km,7.3,震度７
2016/4/16,26:52.9,熊本県熊本地方,32°39.9′N,130°43.4′E,10 km,4.7,震度４
2016/4/16,27:59.9,熊本県熊本地方,32°40.4′N,130°43.1′E,13 km,4.4,震度４
2016/4/16,29:11.0,熊本県熊本地方,32°44.4′N,130°45.9′E,10 km,4.6,震度４
2016/4/16,30:07.5,熊本県熊本地方,32°50.6′N,130°48.2′E,13 km,4.4,震度４
2016/4/16,30:51.9,熊本県熊本地方,32°38.9′N,130°42.5′E,11 km,5.3,震度４
2016/4/16,33:20.9,熊本県熊本地方,32°49.7′N,130°49.3′E,12 km,4.6,震度４
2016/4/16,34:25.3,熊本県熊本地方,32°52.1′N,130°52.8′E,9 km,4.3,震度４
2016/4/16,36:49.9,熊本県熊本地方,32°40.2′N,130°43.1′E,13 km,4.1,震度４
2016/4/16,38:21.7,熊本県熊本地方,32°44.5′N,130°45.2′E,13 km,4.5,震度４
2016/4/16,39:43.3,熊本県阿蘇地方,32°57.4′N,131°06.7′E,8 km,4,震度４
2016/4/16,43:08.5,熊本県熊本地方,32°47.9′N,130°50.4′E,13 km,3.9,震度４
2016/4/16,44:07.4,熊本県熊本地方,32°45.1′N,130°45.6′E,15 km,5.4,震度５弱
2016/4/16,45:55.4,熊本県熊本地方,32°51.7′N,130°53.9′E,11 km,5.9,震度６弱
2016/4/16,56:14.3,熊本県熊本地方,32°47.5′N,130°47.9′E,12 km,4.6,震度４
2016/4/16,04:11.0,熊本県熊本地方,32°44.7′N,130°44.2′E,12 km,4.9,震度４
2016/4/16,06:22.8,大分県西部,33°06.5′N,131°11.9′E,4 km,3.6,震度４
2016/4/16,17:55.1,熊本県熊本地方,32°51.4′N,130°51.4′E,11 km,3.8,震度４
2016/4/16,27:02.3,大分県中部,33°15.2′N,131°22.9′E,7 km,3.7,震度４
2016/4/16,49:16.6,大分県中部,33°18.2′N,131°26.9′E,3 km,3.9,震度４
2016/4/16,57:16.9,熊本県阿蘇地方,32°57.1′N,131°04.5′E,10 km,3.3,震度４
2016/4/16,03:10.7,熊本県阿蘇地方,32°57.8′N,131°05.2′E,7 km,5.9,震度５強
2016/4/16,09:29.8,熊本県阿蘇地方,32°58.1′N,131°05.2′E,10 km,4.2,震度５弱
2016/4/16,10:19.2,熊本県阿蘇地方,32°57.7′N,131°05.7′E,9 km,4.1,震度４
2016/4/16,13:37.3,熊本県阿蘇地方,32°57.6′N,131°04.3′E,8 km,3.5,震度４
2016/4/16,14:13.2,熊本県阿蘇地方,32°58.6′N,131°03.6′E,11 km,3.6,震度４
2016/4/16,16:39.7,熊本県阿蘇地方,32°58.5′N,131°06.1′E,10 km,4.2,震度４
2016/4/16,26:52.2,熊本県阿蘇地方,32°57.1′N,131°04.6′E,10 km,4,震度４
2016/4/16,55:53.0,熊本県阿蘇地方,33°01.5′N,131°11.4′E,11 km,5.8,震度６強
2016/4/16,05:49.2,熊本県熊本地方,32°47.8′N,130°48.7′E,12 km,4,震度４
2016/4/16,18:15.0,熊本県阿蘇地方,33°01.1′N,131°08.3′E,10 km,4.2,震度４
2016/4/16,23:18.3,熊本県阿蘇地方,33°02.1′N,131°11.8′E,10 km,4.2,震度４
2016/4/16,24:26.1,熊本県阿蘇地方,32°58.8′N,131°04.4′E,12 km,4.6,震度４
2016/4/16,51:24.5,熊本県熊本地方,32°45.2′N,130°45.1′E,14 km,4.3,震度４
2016/4/16,22:37.0,熊本県熊本地方,32°39.8′N,130°43.3′E,8 km,3.3,震度４
2016/4/16,34:13.5,熊本県熊本地方,32°32.5′N,130°42.6′E,6 km,4.2,震度４
2016/4/16,11:28.0,熊本県阿蘇地方,33°03.9′N,131°08.7′E,12 km,4.1,震度４
2016/4/16,11:37.4,大分県中部,33°16.2′N,131°23.7′E,6 km,5.4,震度５弱
2016/4/16,23:54.3,熊本県熊本地方,32°47.2′N,130°46.4′E,12 km,4.8,震度５弱
2016/4/16,42:33.2,熊本県熊本地方,32°46.5′N,130°44.5′E,11 km,4.2,震度４
2016/4/16,57:21.3,熊本県熊本地方,32°37.8′N,130°44.1′E,5 km,3.9,震度４
2016/4/16,02:48.3,熊本県熊本地方,32°39.8′N,130°43.2′E,10 km,3.8,震度４
2016/4/16,08:50.6,熊本県熊本地方,32°51.3′N,130°51.0′E,11 km,3.9,震度４
2016/4/16,20:41.5,熊本県熊本地方,32°42.0′N,130°40.7′E,12 km,4.6,震度４
2016/4/16,27:00.0,大分県中部,33°16.9′N,131°23.4′E,7 km,3.7,震度４
2016/4/16,16:28.3,熊本県熊本地方,32°32.7′N,130°39.1′E,7 km,4.5,震度４
2016/4/16,18:25.5,熊本県阿蘇地方,32°59.7′N,131°06.6′E,9 km,3.9,震度４
2016/4/16,48:32.6,熊本県熊本地方,32°50.8′N,130°50.1′E,16 km,5.4,震度６弱
2016/4/16,50:06.2,熊本県熊本地方,32°51.1′N,130°49.7′E,15 km,4.5,震度５弱
2016/4/16,58:10.8,熊本県熊本地方,32°38.0′N,130°43.0′E,6 km,3.5,震度４
2016/4/16,38:53.1,熊本県熊本地方,32°38.9′N,130°43.9′E,10 km,4.5,震度４
2016/4/16,02:51.7,熊本県熊本地方,32°45.5′N,130°46.6′E,15 km,4.4,震度４
2016/4/16,17:11.8,熊本県熊本地方,32°48.2′N,130°44.1′E,9 km,3.6,震度４
2016/4/16,03:56.9,熊本県阿蘇地方,33°00.4′N,131°13.1′E,9 km,4.6,震度４
2016/4/16,27:04.0,熊本県熊本地方,32°39.0′N,130°44.5′E,8 km,4.6,震度４
2016/4/16,02:01.0,熊本県熊本地方,32°41.9′N,130°43.2′E,12 km,5.4,震度５弱
2016/4/16,17:49.3,熊本県熊本地方,32°51.3′N,130°51.6′E,11 km,3.5,震度４
2016/4/16,40:20.1,熊本県熊本地方,32°42.0′N,130°42.2′E,12 km,4.2,震度４
2016/4/16,25:10.7,熊本県熊本地方,32°39.1′N,130°43.3′E,10 km,4,震度４
2016/4/16,05:06.2,熊本県熊本地方,32°45.1′N,130°45.3′E,18 km,4.4,震度４
2016/4/16,05:58.7,熊本県熊本地方,32°52.2′N,130°49.7′E,15 km,3.7,震度４
2016/4/16,54:28.9,熊本県阿蘇地方,33°02.3′N,131°11.9′E,8 km,4.2,震度４
2016/4/17,14:51.6,熊本県阿蘇地方,32°57.7′N,131°04.7′E,9 km,4.8,震度４
2016/4/17,23:27.7,熊本県熊本地方,32°38.7′N,130°43.0′E,4 km,3.2,震度４
2016/4/17,59:25.8,熊本県阿蘇地方,33°00.7′N,131°12.1′E,9 km,3.9,震度４
2016/4/17,30:20.4,熊本県阿蘇地方,33°01.1′N,131°10.9′E,7 km,4,震度４
2016/4/17,46:49.0,熊本県熊本地方,32°41.2′N,130°46.5′E,10 km,4.5,震度４
2016/4/17,40:36.5,熊本県熊本地方,32°36.4′N,130°43.1′E,4 km,3.9,震度４
2016/4/17,58:48.0,熊本県熊本地方,32°40.7′N,130°46.2′E,10 km,3.8,震度４
2016/4/17,51:35.1,熊本県熊本地方,32°38.0′N,130°43.7′E,5 km,3.4,震度４
2016/4/17,13:58.0,熊本県阿蘇地方,32°58.3′N,131°05.9′E,6 km,4.4,震度４
2016/4/17,23:41.2,熊本県熊本地方,32°40.6′N,130°43.2′E,11 km,4.4,震度４
2016/4/17,56:34.7,熊本県熊本地方,32°38.7′N,130°43.1′E,7 km,3.8,震度４
2016/4/18,44:27.4,熊本県熊本地方,32°41.0′N,130°42.3′E,11 km,3.7,震度４
2016/4/18,39:49.8,熊本県熊本地方,32°37.7′N,130°45.1′E,3 km,3.1,震度４
2016/4/18,35:43.0,熊本県熊本地方,32°52.1′N,130°52.4′E,10 km,4.2,震度４
2016/4/18,41:57.9,熊本県阿蘇地方,33°00.1′N,131°11.9′E,9 km,5.8,震度５強
2016/4/18,18:25.6,熊本県熊本地方,32°40.8′N,130°42.7′E,11 km,3.9,震度４
2016/4/19,53:39.5,熊本県熊本地方,32°42.5′N,130°42.2′E,15 km,3.8,震度４
2016/4/19,20:01.1,熊本県阿蘇地方,33°00.8′N,131°11.0′E,7 km,4.1,震度４
2016/4/19,52:13.6,熊本県熊本地方,32°32.1′N,130°38.1′E,10 km,5.5,震度５強
2016/4/19,47:03.3,熊本県熊本地方,32°34.3′N,130°39.1′E,11 km,5,震度５弱
2016/4/20,27:43.8,大分県中部,33°18.1′N,131°28.9′E,8 km,3.9,震度４
2016/4/21,16:51.3,大分県中部,33°18.9′N,131°29.2′E,5 km,3.8,震度４
2016/4/21,43:57.3,熊本県阿蘇地方,33°00.4′N,131°13.9′E,11 km,4.2,震度４
2016/4/22,28:25.9,熊本県熊本地方,32°42.6′N,130°42.6′E,13 km,3.6,震度４
2016/4/24,27:39.6,トカラ列島近海,29°37.1′N,129°45.3′E,8 km,4.2,震度４
2016/4/25,44:07.4,熊本県熊本地方,32°39.5′N,130°40.5′E,11 km,4.5,震度４
2016/4/28,38:05.1,熊本県熊本地方,32°35.2′N,130°40.0′E,10 km,4.1,震度４
2016/4/28,56:32.5,熊本県熊本地方,32°39.3′N,130°41.7′E,9 km,3.7,震度４
2016/4/28,30:51.4,有明海,32°45.0′N,130°32.4′E,9 km,4.8,震度４
2016/4/29,09:34.3,大分県中部,33°15.4′N,131°22.0′E,7 km,4.5,震度５強
2016/5/4,52:04.7,熊本県熊本地方,32°36.7′N,130°43.2′E,5 km,4,震度４
2016/5/4,20:04.3,熊本県熊本地方,32°48.8′N,130°49.3′E,8 km,4,震度４
2016/5/4,24:17.1,熊本県熊本地方,32°36.6′N,130°43.1′E,5 km,3.5,震度４
2016/5/5,31:30.4,熊本県阿蘇地方,33°00.0′N,131°08.0′E,11 km,4.6,震度４
2016/5/5,40:12.8,熊本県阿蘇地方,32°59.5′N,131°07.3′E,11 km,4.9,震度４
2016/5/5,46:37.9,熊本県阿蘇地方,32°59.1′N,131°06.5′E,11 km,3.9,震度４
2016/5/12,04:25.9,熊本県熊本地方,32°41.8′N,130°39.9′E,13 km,4.1,震度４
2016/5/13,03:18.1,熊本県熊本地方,32°42.3′N,130°40.0′E,13 km,4.1,震度４
2016/5/16,23:02.2,茨城県南部,36°02.0′N,139°53.2′E,42 km,5.5,震度５弱
2016/5/24,48:04.1,岩手県沖,40°04.4′N,142°07.3′E,48 km,4.4,震度４
2016/6/12,54:23.5,茨城県南部,35°59.8′N,139°55.9′E,40 km,4.8,震度４
2016/6/12,08:15.0,熊本県熊本地方,32°26.9′N,130°40.8′E,7 km,4.3,震度５弱
2016/6/13,54:18.4,熊本県熊本地方,32°26.6′N,130°40.9′E,7 km,4.1,震度４
2016/6/16,21:28.2,内浦湾,41°56.9′N,140°59.2′E,11 km,5.3,震度６弱
2016/6/18,46:55.2,熊本県熊本地方,32°41.4′N,130°42.4′E,10 km,4.6,震度４
2016/6/21,10:08.5,内浦湾,41°55.4′N,140°59.6′E,10 km,4.2,震度４
2016/6/22,38:37.1,熊本県熊本地方,32°41.6′N,130°42.6′E,11 km,3.9,震度４
2016/6/25,51:57.3,新潟県上越地方,36°49.0′N,137°49.9′E,0 km,4.8,震度４
2016/6/29,14:27.6,熊本県熊本地方,32°49.7′N,130°53.6′E,8 km,3.9,震度４
2016/7/9,05:18.8,有明海,32°44.0′N,130°36.1′E,12 km,4.5,震度４
2016/7/17,24:02.8,茨城県南部,36°02.3′N,139°55.7′E,42 km,5,震度４
2016/7/19,57:50.3,千葉県北東部,35°24.9′N,140°21.1′E,33 km,5.2,震度４
2016/7/20,25:33.0,茨城県南部,36°01.2′N,139°56.9′E,42 km,5,震度４
2016/7/24,51:21.3,十勝地方中部,42°52.4′N,143°10.4′E,96 km,4.9,震度４
2016/7/27,47:17.0,茨城県北部,36°27.0′N,140°36.8′E,57 km,5.4,震度５弱
2016/8/9,48:59.3,熊本県熊本地方,32°43.7′N,130°48.2′E,5 km,3.8,震度４
2016/8/15,04:40.2,福島県沖,37°22.7′N,141°44.9′E,47 km,5.6,震度４
2016/8/19,05:17.1,熊本県阿蘇地方,33°01.0′N,131°05.8′E,9 km,4.4,震度４
2016/8/19,07:41.9,茨城県沖,36°33.6′N,141°07.9′E,48 km,5.4,震度４
2016/8/31,46:02.7,熊本県熊本地方,32°43.3′N,130°37.0′E,13 km,5.2,震度５弱
2016/9/1,33:49.5,熊本県熊本地方,32°43.6′N,130°37.0′E,12 km,4.8,震度４
2016/9/7,56:01.1,熊本県熊本地方,32°44.2′N,130°37.8′E,13 km,3.9,震度４
2016/9/7,28:50.0,茨城県南部,36°10.0′N,140°02.1′E,50 km,4.9,震度４
2016/9/26,13:24.6,浦河沖,41°39.1′N,142°59.6′E,29 km,5.4,震度４
2016/9/26,19:57.5,沖縄本島近海,27°25.7′N,128°37.2′E,44 km,5.6,震度５弱
2016/10/16,37:04.8,宮城県中部,38°19.4′N,141°31.6′E,20 km,5.2,震度４
2016/10/20,49:53.6,千葉県北東部,35°51.7′N,140°31.4′E,37 km,5.3,震度４
2016/10/21,12:23.0,鳥取県中部,35°22.8′N,133°51.2′E,10 km,4.2,震度４
2016/10/21,07:22.5,鳥取県中部,35°22.8′N,133°51.3′E,11 km,6.6,震度６弱
2016/10/21,08:31.3,鳥取県中部,35°24.6′N,133°50.2′E,7 km,3.7,震度４
2016/10/21,30:05.9,鳥取県中部,35°25.1′N,133°50.1′E,10 km,4.4,震度４
2016/10/21,33:58.3,鳥取県中部,35°24.7′N,133°50.2′E,5 km,4.4,震度４
2016/10/21,46:23.2,鳥取県中部,35°26.5′N,133°49.9′E,9 km,3.8,震度４
2016/10/21,53:17.5,鳥取県中部,35°21.6′N,133°52.0′E,9 km,5,震度４
2016/10/21,52:46.4,鳥取県中部,35°24.6′N,133°50.6′E,6 km,4.1,震度４
2016/10/21,59:47.8,鳥取県中部,35°25.8′N,133°49.9′E,9 km,4.3,震度４
2016/10/22,33:46.4,大分県南部,32°47.1′N,131°56.1′E,55 km,4.4,震度４
2016/10/29,43:37.7,鳥取県中部,35°23.2′N,133°53.5′E,7 km,4.5,震度４
2016/11/11,12:49.2,熊本県熊本地方,32°44.1′N,130°39.9′E,12 km,4.2,震度４
2016/11/12,43:00.7,宮城県沖,38°27.8′N,141°36.4′E,58 km,5.9,震度４
2016/11/19,48:01.4,和歌山県南部,33°50.5′N,135°27.8′E,51 km,5.4,震度４
2016/11/22,59:46.8,福島県沖,37°21.2′N,141°36.2′E,25 km,7.4,震度５弱
2016/11/22,03:57.8,福島県沖,37°10.7′N,141°26.6′E,28 km,5.7,震度４
2016/11/24,23:36.3,福島県沖,37°10.4′N,141°20.7′E,24 km,6.2,震度４
2016/11/25,22:49.3,留萌地方中北部,44°50.1′N,141°50.8′E,27 km,4.6,震度４
2016/12/24,16:11.2,トカラ列島近海,29°12.0′N,129°16.4′E,14 km,3.5,震度４
2016/12/24,17:39.5,トカラ列島近海,29°14.0′N,129°07.9′E,12 km,3,震度４
2016/12/28,38:49.0,茨城県北部,36°43.2′N,140°34.4′E,11 km,6.3,震度６弱
2016/12/28,53:11.9,茨城県北部,36°42.6′N,140°38.1′E,6 km,4.7,震度４
2016/12/31,08:27.6,福島県沖,37°21.3′N,141°24.5′E,27 km,5.4,震度４
2017/1/5,43:59.1,福島県沖,36°51.7′N,140°58.7′E,56 km,5.3,震度４
2017/1/5,53:20.5,福島県沖,37°07.3′N,141°21.5′E,26 km,5.6,震度４
2017/1/11,11:15.4,熊本県熊本地方,32°54.1′N,130°51.4′E,9 km,3.4,震度４
2017/1/18,19:25.8,茨城県沖,36°25.7′N,140°38.5′E,53 km,4.2,震度４
2017/2/19,19:29.8,千葉県北東部,35°43.8′N,140°39.8′E,52 km,5.4,震度４
2017/2/27,03:33.2,福島県沖,37°04.0′N,141°10.8′E,50 km,4.9,震度４
2017/2/28,49:02.0,福島県沖,37°30.8′N,141°22.0′E,52 km,5.7,震度５弱
2017/3/2,53:42.6,日向灘,32°38.7′N,132°07.9′E,37 km,5.3,震度４
2017/3/12,57:47.6,福島県沖,37°30.7′N,141°32.5′E,46 km,5.4,震度４
2017/4/20,13:41.7,茨城県北部,36°42.1′N,140°38.5′E,6 km,4.5,震度４
2017/4/20,46:07.6,茨城県北部,36°41.7′N,140°35.4′E,9 km,4.2,震度４
2017/4/30,42:35.9,十勝地方南部,42°19.3′N,143°04.2′E,53 km,5.4,震度４
2017/5/4,22:25.3,熊本県熊本地方,32°40.9′N,130°45.3′E,11 km,4.1,震度４
2017/5/11,21:25.1,有明海,32°44.0′N,130°36.2′E,13 km,4.4,震度４
2017/6/9,36:23.7,橘湾,32°43.0′N,130°01.6′E,16 km,4.3,震度４
2017/6/20,27:41.4,豊後水道,32°52.0′N,132°01.8′E,42 km,5,震度５強
2017/6/25,02:15.3,長野県南部,35°52.0′N,137°35.1′E,7 km,5.6,震度５強
2017/6/25,24:05.4,長野県南部,35°51.8′N,137°34.0′E,6 km,4.5,震度４
2017/6/25,17:14.6,長野県南部,35°51.4′N,137°35.0′E,7 km,4.7,震度４
2017/7/1,45:52.9,胆振地方中東部,42°47.2′N,141°51.5′E,27 km,5.1,震度５弱
2017/7/2,58:22.7,熊本県阿蘇地方,33°00.2′N,131°14.2′E,11 km,4.5,震度５弱
2017/7/7,48:35.8,福島県沖,37°45.7′N,141°05.3′E,66 km,4.9,震度４
2017/7/11,56:35.4,鹿児島湾,31°23.0′N,130°37.2′E,10 km,5.3,震度５強
2017/7/20,11:24.2,福島県沖,37°20.4′N,141°35.2′E,46 km,5.8,震度４
2017/8/2,02:07.5,茨城県北部,36°48.2′N,140°32.1′E,9 km,5.5,震度４
2017/8/2,15:56.8,茨城県南部,36°07.2′N,140°01.3′E,48 km,4.6,震度４
2017/8/24,34:38.6,鹿児島湾,31°22.6′N,130°36.7′E,7 km,4.4,震度４
2017/9/8,20:10.9,熊本県熊本地方,32°43.4′N,130°40.4′E,14 km,4.1,震度４
2017/9/8,23:18.1,秋田県内陸南部,39°30.0′N,140°25.1′E,9 km,5.2,震度５強
2017/9/9,42:09.6,秋田県内陸南部,39°31.3′N,140°25.4′E,9 km,3.4,震度４
2017/9/10,44:24.0,浦河沖,41°45.5′N,142°52.6′E,43 km,5.6,震度４
2017/9/27,22:11.2,岩手県沖,40°16.0′N,142°27.3′E,35 km,6.1,震度４
2017/10/6,56:40.7,福島県沖,37°05.2′N,141°09.3′E,53 km,5.9,震度５弱
2017/11/1,46:11.4,鹿児島湾,31°23.9′N,130°36.8′E,9 km,3.8,震度４
2017/11/3,45:12.9,十勝沖,42°33.8′N,143°44.9′E,66 km,5,震度４
2017/11/11,38:20.6,宮城県沖,38°22.0′N,141°50.2′E,59 km,4.7,震度４
2017/11/17,02:47.3,福島県沖,37°10.9′N,141°22.9′E,48 km,4.8,震度４
2017/12/2,12:29.9,茨城県南部,36°03.1′N,139°53.4′E,43 km,4.4,震度４
2017/12/6,13:49.3,長野県中部,36°22.6′N,137°58.3′E,10 km,5.3,震度４
2017/12/16,58:43.9,岩手県沖,39°41.1′N,142°05.6′E,52 km,5.5,震度４
2018/1/6,54:13.9,東京湾,35°38.6′N,140°01.3′E,71 km,4.7,震度４
2018/1/14,07:33.1,浦河沖,41°56.2′N,143°02.8′E,41 km,4.7,震度４
2018/1/24,51:19.5,青森県東方沖,41°00.5′N,142°26.8′E,34 km,6.3,震度４
2018/2/13,39:44.6,長野県南部,35°51.9′N,137°35.6′E,6 km,4.1,震度４
2018/2/19,31:36.5,豊後水道,32°54.2′N,132°09.7′E,40 km,5,震度４
2018/2/26,28:39.7,福島県沖,37°32.2′N,141°45.7′E,40 km,5.8,震度４
2018/3/1,42:26.7,西表島付近,24°14.9′N,123°49.2′E,15 km,5.6,震度５弱
2018/3/23,32:20.6,宮城県沖,38°52.8′N,142°04.6′E,45 km,5.1,震度４
2018/3/30,17:33.6,茨城県沖,36°26.5′N,140°37.2′E,56 km,5.1,震度４
2018/4/9,32:30.8,島根県西部,35°11.0′N,132°35.2′E,12 km,6.1,震度５強
2018/4/9,43:53.3,島根県西部,35°10.0′N,132°35.4′E,10 km,4.5,震度４
2018/4/9,56:46.0,島根県西部,35°11.0′N,132°34.5′E,10 km,4.8,震度４
2018/4/9,10:55.7,島根県西部,35°10.3′N,132°35.0′E,10 km,4.9,震度４
2018/4/9,05:42.8,島根県西部,35°10.4′N,132°35.2′E,9 km,4.6,震度４
2018/4/14,00:01.8,根室半島南東沖,43°10.5′N,145°44.2′E,53 km,5.4,震度５弱
2018/4/14,13:27.8,愛知県西部,34°49.4′N,137°07.6′E,6 km,4.5,震度４
2018/4/24,53:21.7,根室半島南東沖,43°14.3′N,145°49.5′E,87 km,5.4,震度４
2018/5/6,13:19.0,熊本県熊本地方,32°39.4′N,130°40.1′E,11 km,3.9,震度４
2018/5/7,00:48.4,岩手県内陸北部,39°35.7′N,141°09.6′E,98 km,5.1,震度４
2018/5/12,29:30.0,長野県北部,36°37.9′N,137°54.0′E,11 km,5.2,震度５弱
2018/5/13,49:38.2,宮城県沖,38°31.8′N,141°48.9′E,50 km,4.8,震度４
2018/5/17,12:31.7,千葉県北東部,35°42.9′N,140°43.8′E,52 km,5.3,震度４
2018/5/18,42:13.6,釧路沖,42°43.5′N,145°28.2′E,47 km,5.8,震度４
2018/5/25,13:42.2,長野県北部,36°56.4′N,138°35.3′E,6 km,5.2,震度５強
2018/6/12,54:21.3,大隅半島東方沖,31°11.3′N,131°33.5′E,28 km,5.6,震度４
2018/6/16,09:10.0,千葉県北東部,35°21.0′N,140°19.4′E,26 km,4.4,震度４
2018/6/17,27:21.8,群馬県南部,36°27.3′N,139°10.3′E,14 km,4.6,震度５弱
2018/6/18,58:34.1,大阪府北部,34°50.6′N,135°37.3′E,13 km,6.1,震度６弱
2018/6/19,31:25.0,大阪府北部,34°51.5′N,135°36.4′E,10 km,4.1,震度４
2018/6/26,00:09.6,広島県北部,34°55.8′N,132°52.3′E,12 km,5,震度４
2018/6/26,46:22.3,千葉県南部,35°20.9′N,140°20.7′E,26 km,4.3,震度４
2018/7/2,27:00.8,青森県東方沖,41°29.6′N,142°03.8′E,64 km,4.9,震度４
2018/7/7,23:48.9,千葉県東方沖,35°09.9′N,140°35.5′E,57 km,6,震度５弱
2018/7/16,13:39.5,日高地方東部,42°19.2′N,142°59.8′E,55 km,4.9,震度４
2018/7/17,34:12.1,茨城県沖,36°25.8′N,140°41.5′E,52 km,4.8,震度４
2018/7/25,31:28.1,熊本県熊本地方,32°43.3′N,130°47.8′E,5 km,4.4,震度４
2018/7/31,42:20.2,福島県沖,37°09.3′N,141°13.7′E,21 km,5.8,震度４
2018/8/11,11:16.1,福島県沖,37°09.4′N,141°11.7′E,20 km,5,震度４
2018/8/22,23:38.3,熊本県熊本地方,32°42.8′N,130°39.7′E,12 km,4.1,震度４
2018/9/5,11:19.9,茨城県沖,36°28.5′N,141°20.2′E,60 km,5.5,震度４
2018/9/6,07:59.3,胆振地方中東部,42°41.4′N,142°00.4′E,37 km,6.7,震度７
2018/9/6,17:09.6,胆振地方中東部,42°38.4′N,141°57.6′E,29 km,4.7,震度４
2018/9/6,20:10.8,胆振地方中東部,42°34.7′N,141°56.5′E,31 km,5.5,震度４
2018/9/6,23:49.2,胆振地方中東部,42°48.5′N,141°58.6′E,34 km,4.8,震度４
2018/9/6,32:52.2,胆振地方中東部,42°43.5′N,141°59.9′E,35 km,4.6,震度４
2018/9/6,10:47.7,胆振地方中東部,42°41.5′N,141°59.3′E,31 km,4.7,震度４
2018/9/6,04:32.0,胆振地方中東部,42°42.1′N,141°59.6′E,31 km,4.4,震度４
2018/9/6,11:29.9,胆振地方中東部,42°40.9′N,142°00.7′E,36 km,5.4,震度５弱
2018/9/7,25:24.2,胆振地方中東部,42°42.7′N,141°58.2′E,33 km,4.5,震度４
2018/9/7,43:45.9,胆振地方中東部,42°44.9′N,142°01.5′E,35 km,4.4,震度４
2018/9/8,21:07.1,胆振地方中東部,42°41.7′N,141°58.2′E,34 km,4.2,震度４
2018/9/9,55:13.7,胆振地方中東部,42°46.8′N,141°59.0′E,35 km,4.9,震度４
2018/9/10,58:39.4,千葉県南東沖,35°03.9′N,140°13.5′E,35 km,4.7,震度４
2018/9/11,58:46.0,胆振地方中東部,42°42.7′N,142°00.3′E,31 km,4.5,震度４
2018/9/11,07:33.2,胆振地方中東部,42°49.2′N,141°59.7′E,34 km,4.2,震度４
2018/9/12,24:51.8,胆振地方中東部,42°40.5′N,141°59.1′E,33 km,4.5,震度４
2018/9/14,54:22.3,胆振地方中東部,42°40.6′N,141°57.1′E,26 km,4.6,震度４
2018/9/17,51:31.6,胆振地方中東部,42°43.0′N,141°51.7′E,28 km,4.6,震度４
2018/9/18,11:11.3,埼玉県南部,36°02.9′N,139°47.9′E,77 km,4.3,震度４
2018/9/30,54:04.4,日高地方西部,42°32.9′N,141°59.3′E,37 km,4.9,震度４
2018/10/1,22:03.3,胆振地方中東部,42°47.6′N,142°00.6′E,35 km,4.7,震度４
2018/10/4,15:30.5,千葉県東方沖,35°48.5′N,140°58.2′E,31 km,4.7,震度４
2018/10/5,58:49.1,胆振地方中東部,42°35.5′N,141°57.9′E,31 km,5.2,震度５弱
2018/10/7,14:19.1,愛知県東部,35°02.2′N,137°34.4′E,42 km,5,震度４
2018/10/8,53:58.7,胆振地方中東部,42°37.6′N,141°57.7′E,32 km,4.3,震度４
2018/10/9,45:15.9,胆振地方中東部,42°37.5′N,141°57.5′E,32 km,4.3,震度４
2018/10/12,14:27.9,胆振地方中東部,42°35.5′N,141°56.8′E,23 km,4.6,震度４
2018/10/12,15:47.6,千葉県北東部,35°44.7′N,140°41.3′E,52 km,5.2,震度４
2018/10/15,10:44.4,栃木県北部,36°48.4′N,139°23.2′E,3 km,3.7,震度４
2018/10/22,47:18.4,福島県沖,37°31.0′N,141°26.6′E,49 km,5,震度４
2018/10/26,36:09.8,宮城県沖,38°16.7′N,141°48.6′E,49 km,5.7,震度４
2018/11/2,53:54.1,紀伊水道,33°41.7′N,135°11.7′E,44 km,5.4,震度４
2018/11/5,26:01.6,国後島付近,44°36.5′N,145°48.3′E,20 km,6.3,震度４
2018/11/14,07:30.1,胆振地方中東部,42°41.8′N,141°57.9′E,32 km,4.7,震度４
2018/11/23,30:14.1,福島県沖,37°04.3′N,141°10.3′E,50 km,5,震度４
2018/11/27,33:51.1,茨城県南部,36°04.3′N,139°51.8′E,44 km,5,震度４
2018/12/8,54:02.5,福島県沖,37°01.8′N,141°20.6′E,50 km,5,震度４
2018/12/30,08:30.9,十勝地方南部,42°19.6′N,143°06.8′E,51 km,5.3,震度４
2019/1/3,10:27.6,熊本県熊本地方,33°01.6′N,130°33.2′E,10 km,5.1,震度６弱
2019/1/8,01:10.4,奄美大島近海,28°25.7′N,129°28.4′E,9 km,4,震度４
2019/1/8,39:30.0,種子島近海,30°34.3′N,131°09.8′E,30 km,6,震度４
2019/1/14,23:42.3,茨城県南部,36°09.7′N,139°48.6′E,53 km,4.9,震度４
2019/1/26,16:33.2,熊本県熊本地方,33°00.9′N,130°34.2′E,10 km,4.3,震度５弱
2019/1/26,23:01.6,岩手県沖,40°16.8′N,142°19.6′E,38 km,5.6,震度４
2019/2/10,34:24.4,奄美大島近海,28°16.4′N,129°30.2′E,36 km,4.9,震度４
2019/2/21,22:40.4,胆振地方中東部,42°45.9′N,142°00.2′E,33 km,5.8,震度６弱
2019/3/2,22:55.5,根室半島南東沖,42°00.4′N,146°51.7′E,51 km,6.2,震度４
2019/3/7,26:01.5,宮城県沖,38°43.2′N,141°38.0′E,70 km,4.6,震度４
2019/3/9,08:03.5,岐阜県美濃中西部,35°22.3′N,136°41.0′E,42 km,4.4,震度４
2019/3/13,48:48.7,紀伊水道,33°48.0′N,134°54.8′E,43 km,5.3,震度４
2019/3/27,38:03.3,日向灘,32°09.8′N,132°09.0′E,21 km,5.4,震度４
2019/4/28,24:47.1,十勝地方南部,42°33.6′N,142°52.7′E,102 km,5.6,震度４
2019/5/5,40:25.8,根室半島南東沖,43°10.6′N,146°25.6′E,52 km,5.3,震度４
2019/5/8,20:00.8,岩手県沖,40°04.4′N,142°06.9′E,48 km,4.4,震度４
2019/5/10,48:41.6,日向灘,31°48.0′N,131°58.4′E,25 km,6.3,震度５弱
2019/5/11,59:40.0,日向灘,32°41.4′N,132°17.6′E,36 km,5,震度４
2019/5/25,20:46.6,千葉県北東部,35°21.4′N,140°17.4′E,38 km,5.1,震度５弱
2019/5/27,04:15.2,茨城県北部,36°41.5′N,140°39.1′E,11 km,4.3,震度４
2019/6/1,58:10.6,千葉県北東部,35°22.1′N,140°17.6′E,35 km,4.7,震度４
2019/6/4,39:15.9,鳥島近海,29°03.3′N,139°39.7′E,445 km,6.2,震度４
2019/6/17,00:09.4,茨城県北部,36°30.9′N,140°35.0′E,77 km,5.1,震度４
2019/6/18,22:19.9,山形県沖,38°36.4′N,139°28.7′E,14 km,6.7,震度６強
2019/6/19,57:24.4,新潟県下越沖,38°33.6′N,139°23.7′E,12 km,4.2,震度４
2019/6/24,11:44.1,千葉県南東沖,34°55.7′N,139°57.8′E,61 km,5.2,震度４
2019/6/24,22:39.4,伊豆半島東方沖,35°04.0′N,139°06.0′E,8 km,4.1,震度４
2019/7/28,31:06.7,三重県南東沖,33°09.6′N,137°23.8′E,393 km,6.6,震度４
2019/8/4,23:03.5,福島県沖,37°42.4′N,141°37.9′E,45 km,6.4,震度５弱
2019/8/15,32:52.9,青森県三八上北地方,40°47.5′N,141°20.3′E,93 km,5.5,震度４
2019/10/12,21:53.6,千葉県南東沖,34°40.4′N,140°38.9′E,75 km,5.4,震度４
2019/11/8,18:23.3,茨城県沖,36°32.4′N,140°50.2′E,52 km,4.4,震度４
2019/11/17,05:33.1,伊豆大島近海,34°38.3′N,139°03.1′E,13 km,4.7,震度４
2019/11/26,09:10.9,瀬戸内海中部,34°02.7′N,133°03.8′E,16 km,4.6,震度４
2019/12/3,18:04.6,茨城県南部,36°08.5′N,139°49.0′E,52 km,4.7,震度４
2019/12/4,38:53.1,茨城県北部,36°48.5′N,140°32.3′E,9 km,4.9,震度４
2019/12/4,35:05.2,栃木県北部,36°57.2′N,139°40.8′E,7 km,4.8,震度４
2019/12/12,09:49.5,宗谷地方北部,45°06.3′N,141°52.7′E,7 km,4.2,震度５弱
2019/12/18,35:22.1,沖縄本島近海,27°18.3′N,128°25.9′E,47 km,5.1,震度４
2019/12/19,21:33.4,青森県東方沖,40°30.7′N,142°10.7′E,50 km,5.5,震度５弱
2020/1/3,23:53.3,千葉県東方沖,35°48.6′N,141°06.9′E,34 km,5.8,震度４
2020/1/14,53:49.2,茨城県南部,36°04.6′N,139°53.0′E,46 km,4.8,震度４
2020/1/16,36:12.7,沖縄本島近海,26°32.3′N,127°43.4′E,14 km,4.2,震度４
2020/1/21,17:54.5,茨城県沖,36°25.6′N,140°38.8′E,53 km,4.2,震度４
2020/1/28,36:04.2,根室半島南東沖,43°22.4′N,145°59.0′E,96 km,5.5,震度４
2020/2/1,07:47.5,茨城県南部,35°58.1′N,140°03.8′E,63 km,5.3,震度４
2020/2/12,37:18.8,福島県沖,37°18.6′N,141°21.5′E,87 km,5.4,震度４
2020/2/13,33:45.1,択捉島南東沖,45°03.3′N,149°09.7′E,155 km,7.2,震度４
2020/2/20,53:08.2,千葉県北東部,35°23.7′N,140°18.6′E,28 km,4.3,震度４
2020/3/11,04:23.3,秋田県内陸南部,39°40.6′N,140°44.3′E,12 km,4.4,震度４
2020/3/13,18:46.7,石川県能登地方,37°16.7′N,136°49.4′E,12 km,5.5,震度５強
2020/4/12,44:48.0,茨城県南部,36°11.9′N,139°57.6′E,53 km,5,震度４
2020/4/13,16:38.6,長野県北部,36°46.0′N,137°52.7′E,5 km,4.2,震度４
2020/4/18,25:36.9,小笠原諸島西方沖,27°10.4′N,140°30.4′E,477 km,6.8,震度４
2020/4/20,39:05.2,宮城県沖,38°53.2′N,142°05.9′E,46 km,6.2,震度４
2020/4/23,44:22.1,長野県中部,36°13.5′N,137°39.7′E,3 km,5.5,震度４
2020/4/26,49:10.5,茨城県南部,36°07.9′N,140°04.8′E,66 km,4.8,震度４
2020/5/4,07:49.7,千葉県北東部,35°43.8′N,140°36.6′E,48 km,5.6,震度４
2020/5/6,57:07.5,千葉県北西部,35°37.9′N,140°04.7′E,68 km,5,震度４
2020/5/17,38:26.5,紀伊水道,33°36.5′N,134°45.2′E,37 km,4.6,震度４
2020/5/18,00:38.4,宮城県沖,38°10.5′N,141°41.7′E,51 km,5.2,震度４
2020/5/19,17:12.4,福島県沖,37°30.8′N,141°25.5′E,50 km,5.4,震度４
2020/5/19,12:58.1,岐阜県飛騨地方,36°17.0′N,137°37.7′E,3 km,5.4,震度４
2020/5/23,33:07.2,沖縄本島近海,27°17.7′N,128°26.1′E,48 km,4.9,震度４
2020/5/29,05:14.9,長野県中部,36°15.7′N,137°38.4′E,4 km,5.3,震度４
2020/5/31,13:49.2,十勝沖,42°31.3′N,143°42.1′E,94 km,5.6,震度４
2020/6/1,02:11.2,茨城県北部,36°11.4′N,140°20.6′E,97 km,5.2,震度４
2020/6/1,33:30.3,薩摩半島西方沖,31°34.8′N,130°20.2′E,9 km,4.3,震度４
2020/6/4,31:18.9,茨城県沖,36°25.7′N,140°41.5′E,52 km,4.8,震度４
2020/6/10,22:40.2,土佐湾,33°19.0′N,133°21.8′E,21 km,4.7,震度４
2020/6/14,51:23.0,奄美大島北西沖,28°45.8′N,128°21.3′E,165 km,6.3,震度４
2020/6/17,03:03.1,岐阜県美濃中西部,35°18.6′N,136°28.0′E,6 km,4.4,震度４
2020/6/25,47:44.4,千葉県東方沖,35°33.2′N,141°06.7′E,36 km,6.1,震度５弱
2020/7/9,05:29.3,茨城県南部,36°03.8′N,139°50.6′E,45 km,4.7,震度４
2020/9/3,21:34.7,父島近海,26°35.4′N,142°11.0′E,40 km,4.8,震度４
2020/9/4,10:53.3,福井県嶺北,36°06.9′N,136°11.3′E,7 km,5,震度５弱
2020/9/12,44:09.6,宮城県沖,38°43.3′N,142°16.2′E,43 km,6.2,震度４
2020/9/27,13:41.3,静岡県西部,35°04.8′N,137°47.1′E,45 km,5.1,震度４
2020/11/22,05:53.9,茨城県沖,36°35.4′N,141°06.0′E,45 km,5.7,震度５弱
2020/12/12,18:54.3,岩手県沖,40°05.6′N,142°06.5′E,48 km,5.6,震度５弱
2020/12/17,42:44.2,茨城県南部,36°03.4′N,139°56.2′E,45 km,4.6,震度４
2020/12/18,09:56.6,新島・神津島近海,34°29.2′N,139°18.2′E,11 km,5,震度５弱
2020/12/18,36:33.0,新島・神津島近海,34°30.1′N,139°18.4′E,8 km,4.6,震度４
2020/12/21,23:21.5,青森県東方沖,40°46.9′N,142°41.5′E,43 km,6.5,震度５弱
2020/12/30,35:28.3,茨城県沖,36°27.0′N,140°37.0′E,56 km,5.2,震度４
2021/1/1,53:36.1,新島・神津島近海,34°28.8′N,139°18.2′E,12 km,4.7,震度４
2021/1/27,06:52.8,胆振地方中東部,42°42.6′N,142°01.2′E,128 km,5.4,震度４
2021/2/2,01:56.3,栃木県北部,36°38.7′N,139°25.1′E,7 km,4,震度４
2021/2/13,07:50.5,福島県沖,37°43.7′N,141°41.9′E,55 km,7.3,震度６強
2021/2/14,31:50.2,福島県沖,37°31.0′N,141°25.7′E,50 km,5.2,震度４
2021/2/15,28:16.0,和歌山県北部,34°13.0′N,135°12.5′E,4 km,4,震度４
2021/2/19,11:09.4,岩手県内陸北部,40°09.3′N,141°11.0′E,7 km,4.2,震度４
2021/3/9,29:58.9,宮城県沖,38°45.6′N,141°35.5′E,76 km,4.9,震度４
2021/3/14,22:17.1,熊本県熊本地方,32°38.6′N,130°42.6′E,11 km,4.4,震度４
2021/3/15,25:59.3,和歌山県北部,34°01.7′N,135°14.8′E,4 km,4.6,震度５弱
2021/3/16,56:18.1,茨城県南部,36°09.2′N,139°49.1′E,54 km,4.9,震度４
2021/3/17,28:49.5,福島県沖,37°41.7′N,141°36.8′E,57 km,5.2,震度４
2021/3/20,09:44.8,宮城県沖,38°28.0′N,141°37.6′E,59 km,6.9,震度５強
2021/4/10,07:30.2,トカラ列島近海,29°18.9′N,129°25.4′E,22 km,5.3,震度４
2021/4/10,36:23.4,トカラ列島近海,29°18.5′N,129°16.4′E,21 km,5.1,震度４
2021/4/11,40:36.8,トカラ列島近海,29°19.5′N,129°23.3′E,20 km,4.6,震度４
2021/4/11,00:22.9,トカラ列島近海,29°18.7′N,129°19.6′E,18 km,3.9,震度４
2021/4/12,01:47.6,トカラ列島近海,29°18.0′N,129°20.7′E,14 km,5.3,震度４
2021/4/18,14:34.6,広島県北部,35°00.7′N,132°56.1′E,7 km,3.6,震度４
2021/4/18,29:11.2,宮城県沖,38°19.0′N,141°51.8′E,48 km,5.8,震度４
2021/4/21,45:23.7,トカラ列島近海,29°22.2′N,129°28.5′E,16 km,4.1,震度４
2021/5/1,27:26.9,宮城県沖,38°10.4′N,141°44.4′E,51 km,6.8,震度５強
2021/5/6,16:50.6,熊本県熊本地方,32°41.5′N,130°42.5′E,14 km,4,震度４
2021/5/14,58:14.2,福島県沖,37°41.9′N,141°45.7′E,46 km,6.3,震度４
2021/5/14,46:51.2,日高地方中部,42°29.4′N,142°35.6′E,20 km,4.6,震度４
2021/6/8,59:58.8,熊本県熊本地方,32°39.2′N,130°41.0′E,11 km,3.9,震度４
2021/6/19,39:13.3,愛媛県南予,33°27.6′N,132°30.8′E,42 km,4.7,震度４
2021/7/11,16:40.7,石川県能登地方,37°30.2′N,137°16.2′E,13 km,3.9,震度４
2021/7/16,19:56.9,八丈島近海,33°16.2′N,139°28.8′E,16 km,5.4,震度４
2021/7/17,50:00.7,伊予灘,33°38.3′N,131°51.3′E,76 km,5.1,震度４
2021/7/26,16:16.2,青森県東方沖,41°28.7′N,142°08.2′E,52 km,5.2,震度４
2021/7/27,19:21.1,福島県沖,37°20.3′N,141°20.5′E,81 km,4.5,震度４
2021/8/2,37:26.1,広島県北部,35°03.7′N,133°02.7′E,6 km,4.4,震度４
2021/8/16,03:13.5,滋賀県北部,35°27.0′N,136°20.0′E,13 km,4.6,震度４
2021/8/18,31:01.9,広島県北部,35°03.5′N,133°02.5′E,6 km,4.3,震度４
2021/8/22,24:35.4,福島県沖,37°36.4′N,141°38.2′E,60 km,5.1,震度４
2021/9/16,42:30.2,石川県能登地方,37°30.3′N,137°18.0′E,13 km,5.1,震度５弱
2021/9/19,18:30.4,岐阜県飛騨地方,36°20.7′N,137°37.4′E,0 km,5.3,震度４
2021/10/6,46:02.3,岩手県沖,40°00.4′N,142°15.2′E,56 km,5.9,震度５強
2021/10/6,12:55.3,大隅半島東方沖,31°14.7′N,131°28.8′E,43 km,5.4,震度４
2021/10/7,41:23.0,千葉県北西部,35°35.4′N,140°06.2′E,75 km,5.9,震度５強
2021/10/15,57:41.3,和歌山県北部,34°01.4′N,135°14.2′E,5 km,3.3,震度４
2021/10/28,55:29.3,茨城県南部,36°03.8′N,139°54.5′E,45 km,4.5,震度４
2021/11/1,14:46.4,茨城県北部,36°27.6′N,140°36.7′E,57 km,5.3,震度４
2021/11/9,14:57.2,福島県中通り,37°03.7′N,140°35.0′E,6 km,4.9,震度４
2021/12/2,58:38.8,茨城県南部,36°13.0′N,139°59.4′E,65 km,5.1,震度４
2021/12/3,17:58.6,山梨県東部・富士五湖,35°31.6′N,138°58.7′E,21 km,4.1,震度４
2021/12/3,37:48.5,山梨県東部・富士五湖,35°33.2′N,138°59.4′E,19 km,4.8,震度５弱
2021/12/3,28:28.9,紀伊水道,33°48.0′N,135°08.8′E,18 km,5.4,震度５弱
2021/12/5,14:24.9,トカラ列島近海,29°16.2′N,129°19.2′E,19 km,4.9,震度４
2021/12/8,44:18.8,トカラ列島近海,29°20.0′N,129°25.5′E,20 km,4,震度４
2021/12/9,05:08.0,トカラ列島近海,29°20.5′N,129°27.0′E,14 km,6.1,震度５強
2021/12/12,30:58.7,茨城県南部,36°08.0′N,139°51.1′E,50 km,5,震度４
2021/12/26,26:47.1,宮古島近海,25°08.3′N,125°37.9′E,39 km,6.1,震度４
2022/1/4,08:51.5,父島近海,27°03.9′N,142°06.8′E,77 km,6.1,震度５強
2022/1/22,08:37.5,日向灘,32°42.9′N,132°04.3′E,45 km,6.6,震度５強
2022/2/18,55:06.3,宮城県沖,38°10.4′N,141°42.8′E,52 km,5.3,震度４
2022/3/8,58:50.3,能登半島沖,37°31.4′N,137°14.2′E,14 km,4.8,震度４
2022/3/16,34:27.0,福島県沖,37°40.8′N,141°36.3′E,57 km,6.1,震度５弱
2022/3/16,36:32.6,福島県沖,37°41.8′N,141°37.3′E,57 km,7.4,震度６強
2022/3/17,52:29.8,福島県沖,37°47.6′N,141°42.8′E,57 km,5.5,震度４
2022/3/18,25:16.3,岩手県沖,39°59.4′N,142°00.2′E,18 km,5.6,震度５強
2022/3/23,23:56.5,石川県能登地方,37°30.9′N,137°17.9′E,14 km,4.3,震度４
2022/3/25,08:16.2,福島県沖,37°32.1′N,141°22.4′E,52 km,5.2,震度４
2022/3/27,15:31.8,日高地方東部,42°19.1′N,143°03.6′E,53 km,5.1,震度４
2022/3/30,18:16.0,岩手県沖,40°00.2′N,141°58.4′E,17 km,4.9,震度４
2022/3/31,52:13.6,東京湾,35°37.3′N,140°01.9′E,73 km,4.7,震度４
2022/3/31,34:10.4,京都府南部,35°03.0′N,135°33.5′E,13 km,4.4,震度４
2022/4/2,27:15.3,茨城県北部,36°27.6′N,140°34.7′E,56 km,4.4,震度４
2022/4/4,26:24.5,能登半島沖,37°31.0′N,137°13.5′E,14 km,4.3,震度４
2022/4/4,29:03.9,福島県沖,37°20.6′N,141°34.5′E,44 km,5.4,震度４
2022/4/6,03:53.9,福島県沖,37°48.0′N,141°34.9′E,53 km,5.2,震度４
2022/4/6,14:20.6,和歌山県北部,34°00.9′N,135°12.9′E,6 km,3.6,震度４
2022/4/7,30:35.0,愛知県東部,34°53.7′N,137°29.9′E,11 km,4.7,震度４
2022/4/8,04:57.5,石川県能登地方,37°30.6′N,137°16.9′E,13 km,4.2,震度４
2022/4/19,16:00.3,茨城県北部,36°52.6′N,140°20.8′E,93 km,5.4,震度５弱
2022/5/2,21:03.1,京都府南部,35°02.7′N,135°34.0′E,13 km,4.4,震度４
2022/5/5,42:02.1,茨城県南部,36°08.4′N,139°50.6′E,52 km,4.8,震度４
2022/5/22,24:11.3,茨城県沖,36°46.4′N,141°24.2′E,5 km,6,震度５弱
2022/5/29,55:22.5,茨城県沖,36°14.8′N,140°58.5′E,44 km,5.3,震度４
2022/6/17,51:25.7,徳島県南部,33°54.7′N,134°35.3′E,45 km,4.9,震度４
2022/6/19,08:07.5,石川県能登地方,37°30.9′N,137°16.5′E,13 km,5.4,震度６弱
2022/6/20,18:26.7,宗谷地方北部,45°03.1′N,141°51.3′E,10 km,4.4,震度４
2022/6/20,31:34.4,石川県能登地方,37°31.3′N,137°19.3′E,14 km,5,震度５強
2022/6/20,50:13.9,石川県能登地方,37°31.5′N,137°18.8′E,14 km,4.3,震度４
2022/6/26,44:48.4,熊本県熊本地方,32°32.4′N,130°41.1′E,9 km,4.7,震度５弱
2022/7/6,10:24.9,宮城県沖,38°24.7′N,141°57.2′E,63 km,5.4,震度４
2022/7/22,01:57.3,青森県三八上北地方,40°33.0′N,141°25.0′E,86 km,5.3,震度４
2022/8/4,41:48.1,宗谷地方北部,45°02.2′N,141°52.2′E,7 km,4.1,震度４
2022/8/4,48:18.6,福島県沖,37°36.7′N,141°37.1′E,57 km,5.6,震度４
2022/8/11,35:20.0,上川地方北部,44°51.2′N,142°06.8′E,2 km,5.2,震度５弱
2022/8/11,53:00.1,上川地方北部,44°50.9′N,142°06.7′E,5 km,5.4,震度５強
2022/8/11,14:57.0,上川地方北部,44°52.0′N,142°07.2′E,6 km,4.6,震度４
2022/8/18,46:10.4,福島県沖,37°36.1′N,141°35.1′E,56 km,5.2,震度４
2022/8/26,48:30.1,天草灘,32°02.4′N,129°59.3′E,12 km,4.5,震度４
2022/9/20,06:32.2,岩手県沖,40°04.2′N,142°05.6′E,48 km,4.4,震度４
2022/9/30,58:36.7,茨城県南部,36°04.7′N,139°51.8′E,47 km,4.4,震度４
2022/10/2,02:32.8,大隅半島東方沖,31°18.7′N,131°31.3′E,29 km,5.9,震度５弱
2022/10/21,19:46.3,福島県沖,37°23.9′N,141°18.3′E,29 km,5,震度５弱
2022/11/9,40:12.5,茨城県南部,36°11.1′N,140°01.6′E,51 km,4.9,震度５強
2022/11/14,08:25.4,三重県南東沖,33°50.4′N,137°25.4′E,362 km,6.4,震度４
2022/11/14,27:58.8,石川県能登地方,37°31.1′N,137°15.5′E,12 km,4.2,震度４
2022/12/13,25:20.3,奄美大島近海,27°36.0′N,129°24.8′E,37 km,6,震度４
2022/12/18,06:03.2,日向灘,31°47.3′N,131°38.0′E,34 km,5.4,震度４
2022/12/19,02:03.9,千葉県北東部,35°22.7′N,140°20.7′E,27 km,4.1,震度４
2023/1/6,44:04.2,石川県能登地方,37°30.3′N,137°16.4′E,13 km,4.5,震度４
2023/1/25,00:50.8,福島県沖,37°35.4′N,141°34.8′E,55 km,5.1,震度４
2023/2/25,27:43.6,釧路沖,42°45.3′N,145°04.5′E,63 km,6,震度５弱
2023/3/11,12:39.8,日高地方東部,42°11.9′N,142°57.5′E,49 km,4.8,震度４
2023/3/24,25:35.0,茨城県北部,36°25.1′N,140°18.3′E,83 km,4.7,震度４
2023/3/27,04:20.7,宮城県沖,38°18.4′N,141°36.9′E,60 km,5.3,震度４
2023/3/28,18:28.9,青森県東方沖,41°09.5′N,142°50.9′E,28 km,6.2,震度４
2023/4/17,25:07.4,福島県沖,37°10.7′N,141°23.9′E,46 km,4.8,震度４
2023/5/5,42:04.1,能登半島沖,37°32.3′N,137°18.2′E,12 km,6.5,震度６強
2023/5/5,53:37.2,能登半島沖,37°31.5′N,137°13.3′E,13 km,5,震度４
2023/5/5,58:04.1,能登半島沖,37°31.5′N,137°14.1′E,14 km,5.9,震度５強
2023/5/5,18:50.5,石川県能登地方,37°30.2′N,137°12.8′E,14 km,4.3,震度４
2023/5/6,47:16.2,青森県東方沖,41°28.4′N,142°05.1′E,56 km,5.7,震度４
2023/5/9,14:19.4,石川県能登地方,37°31.2′N,137°18.6′E,15 km,4.7,震度４
2023/5/10,14:39.0,能登半島沖,37°36.0′N,137°17.1′E,12 km,4.9,震度４
2023/5/11,16:41.9,千葉県南部,35°10.2′N,140°11.1′E,40 km,5.2,震度５強
2023/5/11,11:04.9,トカラ列島近海,29°55.2′N,130°02.5′E,13 km,4.3,震度４
2023/5/11,52:44.5,日高地方東部,42°22.4′N,143°00.4′E,55 km,5.5,震度４
2023/5/13,10:27.7,トカラ列島近海,29°55.6′N,130°00.9′E,12 km,5.1,震度５弱
2023/5/19,56:27.2,豊後水道,33°14.3′N,132°13.3′E,46 km,4.5,震度４
2023/5/22,42:41.2,新島・神津島近海,34°28.5′N,139°13.0′E,11 km,5.3,震度５弱
2023/5/22,46:26.1,新島・神津島近海,34°27.9′N,139°14.6′E,11 km,5.1,震度４
2023/5/26,03:23.9,千葉県東方沖,35°38.4′N,140°40.3′E,50 km,6.2,震度５弱
2023/5/27,52:12.3,トカラ列島近海,29°56.6′N,129°58.2′E,12 km,4.6,震度４
2023/5/30,49:16.3,能登半島沖,37°30.6′N,137°23.4′E,4 km,4.6,震度４
2023/6/1,28:28.7,トカラ列島近海,29°56.2′N,130°00.1′E,11 km,4.3,震度４
2023/6/11,54:44.6,苫小牧沖,42°33.5′N,141°54.9′E,136 km,6.2,震度５弱
2023/6/16,24:09.6,千葉県北東部,35°42.3′N,140°42.7′E,49 km,4.9,震度４
2023/7/22,52:28.7,茨城県沖,36°26.4′N,140°41.3′E,52 km,4.8,震度４
2023/7/22,14:27.0,日向灘,32°36.9′N,132°13.6′E,37 km,5,震度４
2023/8/11,14:34.1,青森県東方沖,41°07.5′N,142°54.7′E,28 km,6.2,震度４
2023/9/8,28:48.8,宮城県沖,38°54.0′N,142°06.0′E,46 km,5.4,震度４
2023/9/9,28:51.5,トカラ列島近海,29°19.0′N,129°23.4′E,15 km,4.9,震度４
2023/9/11,01:59.7,トカラ列島近海,29°18.7′N,129°23.3′E,18 km,5.3,震度４
2023/9/19,33:04.4,宮城県沖,38°28.3′N,141°37.3′E,57 km,5.6,震度４
2023/10/16,42:10.9,宮古島近海,25°10.2′N,125°34.9′E,33 km,6,震度４
2023/11/6,10:08.8,福島県沖,37°49.7′N,141°37.7′E,56 km,5,震度４
2023/11/11,50:30.6,鹿児島湾,31°19.7′N,130°48.2′E,104 km,5,震度４
2023/11/11,02:38.7,トカラ列島近海,29°56.0′N,130°00.4′E,13 km,4.3,震度４
2023/11/20,01:31.2,青森県東方沖,41°10.0′N,142°17.5′E,52 km,5.9,震度４
2024/1/1,06:06.1,石川県能登地方,37°30.6′N,137°14.7′E,12 km,5.5,震度５強
2024/1/1,10:22.5,石川県能登地方,37°29.7′N,137°16.2′E,16 km,7.6,震度７
2024/1/1,12:16.6,能登半島沖,37°09.3′N,136°39.5′E,9 km,5.7,震度６弱
2024/1/1,17:49.4,石川県能登地方,37°19.1′N,136°56.6′E,12 km,5.1,震度４
2024/1/1,18:33.6,能登半島沖,37°05.3′N,136°43.6′E,16 km,4,震度４
2024/1/1,18:42.6,石川県能登地方,37°11.9′N,136°49.1′E,11 km,6.1,震度５強
2024/1/1,29:02.8,能登半島沖,37°30.7′N,137°05.6′E,10 km,4.7,震度４
2024/1/1,39:50.3,能登半島沖,37°32.9′N,137°26.5′E,13 km,5.2,震度４
2024/1/1,42:33.6,石川県能登地方,37°13.9′N,136°51.2′E,11 km,3.9,震度４
2024/1/1,42:43.7,石川県能登地方,37°26.8′N,137°11.4′E,12 km,5,震度４
2024/1/1,48:15.3,石川県能登地方,37°15.1′N,136°50.6′E,13 km,4.9,震度４
2024/1/1,56:48.7,石川県能登地方,37°15.7′N,136°51.4′E,14 km,5.8,震度５強
2024/1/1,02:44.7,能登半島沖,37°37.1′N,137°21.1′E,8 km,5,震度４
2024/1/1,07:09.9,能登半島沖,37°06.6′N,136°36.6′E,0 km,5.3,震度４
2024/1/1,17:47.9,石川県能登地方,37°28.0′N,137°09.5′E,12 km,4.7,震度４
2024/1/1,21:30.3,石川県能登地方,37°10.1′N,136°42.1′E,3 km,3.5,震度４
2024/1/1,22:11.4,石川県能登地方,37°27.9′N,137°12.3′E,12 km,4.9,震度５弱
2024/1/1,24:59.7,石川県能登地方,37°29.8′N,137°18.0′E,9 km,4.1,震度４
2024/1/1,55:18.5,石川県能登地方,37°22.6′N,136°53.6′E,0 km,3.6,震度４
2024/1/1,03:50.1,能登半島沖,37°35.5′N,137°24.4′E,14 km,5.5,震度５弱
2024/1/1,08:18.4,能登半島沖,37°34.7′N,137°22.9′E,14 km,5.8,震度５強
2024/1/1,30:22.4,能登半島沖,37°33.1′N,137°22.3′E,12 km,4.9,震度４
2024/1/1,39:59.7,能登半島沖,37°06.4′N,136°38.8′E,6 km,4.8,震度５弱
2024/1/1,56:12.1,能登半島沖,37°24.9′N,136°56.7′E,8 km,4.1,震度４
2024/1/1,27:59.4,石川県能登地方,37°28.0′N,137°13.3′E,10 km,4.5,震度４
2024/1/1,50:36.8,石川県能登地方,37°30.7′N,137°16.4′E,12 km,4.6,震度４
2024/1/1,35:40.8,石川県能登地方,37°09.2′N,136°45.4′E,2 km,4.5,震度５弱
2024/1/1,20:45.7,石川県能登地方,37°28.3′N,137°13.3′E,11 km,4.5,震度４
2024/1/1,30:36.0,石川県能登地方,37°11.9′N,136°41.4′E,6 km,4.3,震度４
2024/1/2,08:35.5,石川県能登地方,37°30.3′N,137°17.7′E,10 km,4.3,震度４
2024/1/2,29:38.8,石川県能登地方,37°08.6′N,136°44.6′E,2 km,3.9,震度４
2024/1/2,27:14.4,石川県西方沖,37°04.3′N,136°34.5′E,9 km,4.7,震度４
2024/1/2,42:07.4,能登半島沖,37°15.4′N,136°40.6′E,12 km,4.9,震度４
2024/1/2,13:30.3,石川県能登地方,37°19.2′N,136°55.4′E,11 km,4.5,震度４
2024/1/2,01:34.6,石川県能登地方,37°23.4′N,136°52.9′E,7 km,4.1,震度４
2024/1/2,14:25.0,石川県能登地方,37°26.1′N,137°12.6′E,14 km,4.5,震度４
2024/1/2,17:32.6,石川県能登地方,37°13.3′N,136°43.3′E,10 km,5.6,震度５弱
2024/1/2,57:54.2,石川県能登地方,37°11.9′N,136°41.8′E,6 km,4.5,震度４
2024/1/2,13:40.8,能登半島沖,37°08.3′N,136°38.0′E,6 km,4.6,震度５強
2024/1/3,21:48.0,石川県能登地方,37°28.9′N,137°18.2′E,12 km,4.9,震度５強
2024/1/3,30:31.4,石川県能登地方,37°29.2′N,137°18.0′E,13 km,4.4,震度４
2024/1/3,32:38.5,石川県能登地方,37°10.3′N,136°43.7′E,5 km,4.3,震度４
2024/1/3,54:35.0,石川県能登地方,37°22.4′N,136°52.3′E,13 km,5.6,震度５強
2024/1/3,54:15.0,新潟県上中越沖,37°38.8′N,137°36.4′E,23 km,5,震度４
2024/1/3,48:00.7,石川県能登地方,37°19.3′N,136°48.2′E,12 km,4.8,震度４
2024/1/4,36:53.8,石川県能登地方,37°27.6′N,137°07.6′E,11 km,4.9,震度４
2024/1/4,46:47.1,石川県能登地方,37°30.1′N,137°17.2′E,12 km,4.4,震度４
2024/1/4,56:39.0,能登半島沖,37°08.9′N,136°41.8′E,7 km,3.7,震度４
2024/1/5,09:25.6,石川県能登地方,37°22.0′N,136°57.0′E,14 km,4.3,震度４
2024/1/6,59:05.4,能登半島沖,37°21.7′N,136°43.5′E,12 km,4.6,震度４
2024/1/6,26:51.6,石川県能登地方,37°13.0′N,136°49.9′E,12 km,5.4,震度５強
2024/1/6,20:23.0,能登半島沖,37°10.3′N,136°38.7′E,5 km,4.3,震度６弱
2024/1/7,37:59.2,石川県能登地方,37°27.2′N,137°16.8′E,14 km,4.6,震度４
2024/1/7,26:56.7,石川県能登地方,37°12.7′N,136°43.1′E,11 km,4.5,震度４
2024/1/7,38:19.4,石川県能登地方,37°10.7′N,136°48.8′E,12 km,4.7,震度４
2024/1/9,59:11.4,佐渡付近,37°54.6′N,137°45.8′E,27 km,6.1,震度５弱
2024/1/12,10:23.1,石川県能登地方,37°10.0′N,136°45.0′E,5 km,4.5,震度４
2024/1/13,04:30.3,石川県能登地方,37°10.1′N,136°44.7′E,5 km,4.3,震度４
2024/1/13,55:58.8,釧路地方北部,43°35.9′N,144°22.4′E,0 km,4,震度４
2024/1/16,42:15.8,石川県能登地方,37°11.1′N,136°45.1′E,3 km,4.8,震度５弱
2024/1/16,43:25.7,石川県能登地方,37°10.3′N,136°44.6′E,4 km,4.4,震度４
2024/1/19,04:39.1,石川県能登地方,37°22.2′N,137°00.6′E,11 km,4.4,震度４
2024/1/19,06:08.6,能登半島沖,37°08.1′N,136°42.6′E,7 km,4.2,震度４
2024/1/26,40:04.0,能登半島沖,37°09.5′N,136°36.9′E,13 km,4.4,震度４
2024/1/28,59:29.1,東京湾,35°38.2′N,140°01.1′E,73 km,4.7,震度４
2024/2/7,08:15.1,佐渡付近,37°43.9′N,137°35.0′E,20 km,5.2,震度４
2024/2/7,59:31.8,和歌山県北部,34°00.0′N,135°14.1′E,7 km,4.1,震度４
2024/2/11,35:59.4,石川県能登地方,37°26.0′N,137°10.6′E,15 km,4.7,震度４
2024/2/14,32:53.8,石川県能登地方,37°12.9′N,136°47.1′E,11 km,4.5,震度４
2024/2/14,29:00.4,京都府南部,35°03.2′N,135°33.3′E,12 km,4.4,震度４
2024/2/26,24:13.5,伊予灘,33°38.5′N,132°28.2′E,47 km,5.1,震度４
2024/2/29,35:42.0,千葉県東方沖,35°23.7′N,140°33.2′E,27 km,4.9,震度４
2024/3/1,43:16.6,千葉県東方沖,35°26.1′N,140°33.0′E,31 km,5.3,震度４
2024/3/2,49:04.2,千葉県南部,35°18.9′N,140°20.8′E,26 km,5,震度４
2024/3/2,00:43.8,宮崎県北部平野部,32°26.1′N,131°31.4′E,13 km,4.3,震度４
2024/3/9,26:41.7,千葉県東方沖,35°23.4′N,140°25.2′E,28 km,4.4,震度４
2024/3/13,24:42.7,福島県沖,37°05.6′N,141°07.8′E,51 km,4.7,震度４
2024/3/15,14:36.0,福島県沖,37°04.3′N,141°09.8′E,50 km,5.8,震度５弱
2024/3/15,32:50.4,奄美大島近海,28°29.6′N,130°12.1′E,40 km,5.6,震度４
2024/3/17,17:04.2,福島県沖,37°09.3′N,141°26.8′E,44 km,5.4,震度４
2024/3/21,08:03.8,茨城県南部,36°02.9′N,139°53.2′E,46 km,5.3,震度５弱
2024/3/23,31:48.7,岐阜県美濃中西部,35°40.9′N,136°37.8′E,14 km,4.6,震度４
2024/4/2,24:39.0,岩手県沿岸北部,40°08.0′N,141°42.7′E,71 km,6,震度５弱
2024/4/3,58:09.4,台湾付近,23°49.9′N,121°35.9′E,23 km,7.7,震度４
2024/4/4,16:30.2,福島県沖,37°43.8′N,141°51.7′E,44 km,6.3,震度４
2024/4/8,25:28.8,大隅半島東方沖,31°35.4′N,131°28.6′E,39 km,5.1,震度５弱
2024/4/17,14:48.7,豊後水道,33°12.0′N,132°24.5′E,39 km,6.6,震度６弱
2024/4/17,19:00.7,豊後水道,33°13.2′N,132°23.9′E,41 km,5.1,震度４
2024/4/24,40:07.2,茨城県北部,36°26.9′N,140°36.9′E,55 km,5.1,震度４
2024/5/21,39:39.8,父島近海,26°14.3′N,141°29.6′E,52 km,5.6,震度４
2024/5/31,46:44.0,熊本県熊本地方,32°35.0′N,130°38.8′E,13 km,4.7,震度４
2024/6/1,02:02.8,豊後水道,33°12.9′N,132°21.3′E,39 km,4.5,震度４
2024/6/3,31:40.3,石川県能登地方,37°28.0′N,137°18.1′E,14 km,6,震度５強
2024/6/3,40:20.6,石川県能登地方,37°27.8′N,137°20.8′E,14 km,5,震度４
2024/6/23,12:06.4,福島県沖,37°03.7′N,141°11.8′E,49 km,4.9,震度４
2024/7/4,12:29.6,千葉県東方沖,35°12.5′N,140°27.8′E,49 km,5.2,震度４
2024/7/19,27:47.0,岩手県内陸北部,40°08.6′N,141°10.6′E,10 km,4,震度４
2024/7/28,58:38.9,岩手県内陸北部,40°08.8′N,141°10.7′E,10 km,4.2,震度４
2024/7/30,25:30.3,日向灘,32°08.8′N,131°36.6′E,48 km,5.1,震度４
2024/8/8,42:55.5,日向灘,31°44.2′N,131°43.3′E,31 km,7.1,震度６弱
2024/8/9,57:38.2,神奈川県西部,35°24.6′N,139°09.6′E,13 km,5.3,震度５弱
2024/8/15,20:34.7,神奈川県西部,35°24.1′N,139°09.3′E,12 km,4.3,震度４
2024/8/19,48:17.6,茨城県北部,36°43.4′N,140°37.5′E,7 km,4.8,震度４
2024/8/19,50:46.7,茨城県北部,36°43.0′N,140°37.2′E,8 km,5.1,震度５弱
2024/9/20,22:19.2,豊後水道,33°16.0′N,132°18.9′E,41 km,4.7,震度４
2024/9/24,09:08.5,留萌地方中北部,44°55.7′N,141°50.6′E,14 km,3.7,震度４
2024/9/26,01:10.3,釧路沖,42°46.6′N,145°06.7′E,59 km,5.7,震度４
2024/11/16,22:18.0,陸奥湾,41°02.0′N,141°04.7′E,8 km,4.6,震度４
2024/11/20,40:16.1,陸奥湾,41°02.1′N,141°03.6′E,10 km,5.1,震度４
2024/11/26,47:02.8,石川県西方沖,37°00.5′N,136°23.8′E,7 km,6.6,震度５弱
2024/11/28,31:05.6,石川県西方沖,36°55.8′N,136°23.4′E,10 km,4.7,震度４
2024/12/17,11:16.1,茨城県南部,36°14.2′N,140°06.3′E,54 km,4.2,震度４
2024/12/28,10:05.0,福島県沖,37°20.6′N,141°34.8′E,43 km,5.3,震度４
2025/1/13,19:32.8,日向灘,31°49.7′N,131°34.2′E,36 km,6.6,震度５弱
2025/1/15,12:38.8,日向灘,31°46.1′N,131°50.9′E,29 km,5.4,震度４
2025/1/23,49:28.2,福島県会津,36°58.6′N,139°22.8′E,4 km,5.2,震度５弱
2025/1/23,09:03.0,福島県会津,36°58.5′N,139°22.7′E,3 km,4.7,震度４
2025/2/21,01:46.0,福島県沖,37°30.9′N,141°26.2′E,49 km,4.9,震度４
2025/3/9,54:05.1,奄美大島北東沖,28°42.0′N,130°15.0′E,62 km,5.8,震度４
2025/3/18,00:35.0,熊本県熊本地方,32°29.9′N,130°33.3′E,10 km,4.8,震度４
2025/3/19,25:14.6,能登半島沖,37°06.9′N,136°38.4′E,6 km,4.7,震度４
2025/4/2,03:58.8,大隅半島東方沖,31°02.7′N,131°31.3′E,36 km,6.1,震度４
2025/4/5,15:42.2,北海道南西沖,41°18.2′N,140°09.2′E,10 km,4.1,震度４
2025/4/18,19:28.6,長野県北部,36°28.1′N,137°54.8′E,13 km,5.1,震度５弱
2025/4/18,39:46.5,長野県北部,36°27.7′N,137°54.5′E,13 km,4.5,震度４
2025/4/19,02:36.6,長野県北部,36°28.8′N,137°54.2′E,12 km,4.3,震度４
2025/5/15,05:50.1,十勝地方中部,42°48.3′N,143°19.2′E,95 km,4.7,震度４
2025/5/23,28:01.1,浦河沖,41°51.2′N,142°41.0′E,53 km,5.4,震度４
2025/5/26,47:45.1,十勝地方南部,42°19.9′N,143°04.2′E,50 km,5.3,震度４
2025/5/29,28:58.8,岐阜県飛騨地方,36°03.8′N,137°17.0′E,12 km,4.5,震度４
2025/5/31,37:18.9,釧路沖,42°19.6′N,144°27.1′E,20 km,6,震度４
2025/6/2,51:54.3,十勝沖,41°42.9′N,143°43.1′E,27 km,6.1,震度４
2025/6/19,08:07.4,根室半島南東沖,42°54.7′N,146°30.7′E,25 km,6,震度４
2025/6/22,12:24.6,トカラ列島近海,29°19.0′N,129°22.9′E,19 km,4.5,震度４
2025/6/22,15:02.7,トカラ列島近海,29°21.3′N,129°17.0′E,24 km,5.1,震度４
2025/6/23,15:08.9,トカラ列島近海,29°18.3′N,129°26.1′E,12 km,3.6,震度４
2025/6/23,36:19.1,トカラ列島近海,29°19.5′N,129°24.0′E,21 km,5,震度４
2025/6/24,23:28.8,トカラ列島近海,29°17.4′N,129°23.0′E,9 km,4.9,震度４
2025/6/24,04:14.1,トカラ列島近海,29°18.8′N,129°22.7′E,18 km,5.1,震度４
2025/6/25,51:27.4,茨城県沖,36°26.0′N,140°38.7′E,54 km,4.2,震度４
2025/6/29,15:25.3,トカラ列島近海,29°19.8′N,129°24.1′E,20 km,5.4,震度４
2025/6/29,11:57.6,トカラ列島近海,29°19.1′N,129°28.3′E,17 km,5.3,震度４
2025/6/29,56:00.1,トカラ列島近海,29°19.1′N,129°27.3′E,20 km,4.1,震度４
2025/6/30,36:19.5,トカラ列島近海,29°21.1′N,129°23.5′E,26 km,4.5,震度４
2025/6/30,33:22.8,トカラ列島近海,29°19.6′N,129°26.3′E,22 km,5.3,震度５弱
2025/7/1,49:48.0,トカラ列島近海,29°18.6′N,129°26.7′E,18 km,4.3,震度４
2025/7/1,10:27.3,トカラ列島近海,29°19.4′N,129°25.7′E,16 km,4.9,震度４
2025/7/1,22:07.1,トカラ列島近海,29°20.4′N,129°26.6′E,18 km,4.4,震度４
2025/7/2,32:08.3,トカラ列島近海,29°20.1′N,129°29.1′E,16 km,5.1,震度５弱
2025/7/2,06:46.8,トカラ列島近海,29°17.1′N,129°06.4′E,11 km,4.5,震度４
2025/7/2,09:59.3,トカラ列島近海,29°14.5′N,129°04.2′E,7 km,3.7,震度４
2025/7/2,14:29.5,トカラ列島近海,29°16.4′N,129°07.5′E,13 km,3.5,震度４
2025/7/2,22:16.3,トカラ列島近海,29°15.1′N,129°11.6′E,14 km,4,震度４
2025/7/2,53:24.2,トカラ列島近海,29°14.3′N,129°04.1′E,1 km,5.3,震度４
2025/7/2,26:47.6,トカラ列島近海,29°15.4′N,129°03.1′E,1 km,5.6,震度５弱
2025/7/2,17:54.3,トカラ列島近海,29°13.8′N,129°06.2′E,4 km,5,震度４
2025/7/3,51:30.8,トカラ列島近海,29°20.0′N,129°29.1′E,17 km,4.5,震度４
2025/7/3,31:07.0,トカラ列島近海,29°18.4′N,129°30.7′E,19 km,4.6,震度４
2025/7/3,11:48.3,トカラ列島近海,29°20.5′N,129°25.8′E,21 km,4.8,震度４
2025/7/3,18:11.6,トカラ列島近海,29°20.1′N,129°28.4′E,9 km,4.6,震度４
2025/7/3,35:02.3,トカラ列島近海,29°21.0′N,129°30.2′E,23 km,3.8,震度４
2025/7/3,13:01.3,トカラ列島近海,29°21.4′N,129°31.3′E,20 km,5.5,震度６弱
2025/7/4,02:56.7,トカラ列島近海,29°21.1′N,129°29.5′E,23 km,4.3,震度４
2025/7/4,20:26.5,トカラ列島近海,29°20.8′N,129°28.7′E,22 km,4.4,震度４
2025/7/4,20:00.9,トカラ列島近海,29°20.5′N,129°28.0′E,18 km,4.4,震度４
2025/7/5,58:03.8,トカラ列島近海,29°17.8′N,129°25.8′E,17 km,4.6,震度４
2025/7/5,44:37.0,トカラ列島近海,29°21.0′N,129°29.0′E,22 km,4.8,震度４
2025/7/5,29:39.5,トカラ列島近海,29°20.1′N,129°28.2′E,19 km,5.4,震度５強
2025/7/5,16:36.7,トカラ列島近海,29°19.7′N,129°28.0′E,21 km,4.1,震度４
2025/7/6,42:08.7,トカラ列島近海,29°19.2′N,129°31.4′E,9 km,4.5,震度４
2025/7/6,49:45.7,トカラ列島近海,29°21.0′N,129°30.5′E,20 km,3.6,震度４
2025/7/6,19:52.9,トカラ列島近海,29°21.6′N,129°28.9′E,22 km,4.4,震度４
2025/7/6,01:21.3,トカラ列島近海,29°20.9′N,129°30.3′E,21 km,4.9,震度５強
2025/7/6,07:03.9,トカラ列島近海,29°21.8′N,129°30.7′E,23 km,5.5,震度５強
2025/7/6,44:00.4,トカラ列島近海,29°20.7′N,129°30.6′E,17 km,4.5,震度４
2025/7/6,50:44.6,トカラ列島近海,29°20.7′N,129°30.0′E,18 km,4.5,震度４
2025/7/7,08:48.1,トカラ列島近海,29°20.6′N,129°29.8′E,12 km,4.3,震度４
2025/7/7,12:07.8,トカラ列島近海,29°20.9′N,129°28.5′E,22 km,5.1,震度５弱
2025/7/7,02:15.9,トカラ列島近海,29°19.9′N,129°29.4′E,15 km,4.5,震度４
2025/7/8,00:13.9,トカラ列島近海,29°20.8′N,129°25.1′E,28 km,4.6,震度４
2025/7/11,09:09.2,トカラ列島近海,29°16.2′N,129°27.5′E,11 km,5,震度４
2025/7/11,30:16.4,トカラ列島近海,29°16.5′N,129°27.2′E,13 km,4.9,震度４
2025/7/12,01:23.6,トカラ列島近海,29°18.9′N,129°30.1′E,13 km,4.9,震度４
2025/7/13,32:52.9,トカラ列島近海,29°18.3′N,129°30.9′E,13 km,4.4,震度４
2025/7/13,54:21.0,トカラ列島近海,29°17.4′N,129°32.3′E,11 km,4.4,震度４
2025/7/13,19:34.6,トカラ列島近海,29°19.3′N,129°28.2′E,9 km,4.9,震度４
2025/7/13,28:57.9,トカラ列島近海,29°17.6′N,129°30.8′E,10 km,4.7,震度４
2025/7/14,32:16.7,トカラ列島近海,29°18.4′N,129°30.1′E,13 km,4.3,震度４
2025/7/15,20:01.5,トカラ列島近海,29°19.3′N,129°28.8′E,12 km,5.4,震度４
2025/7/15,47:10.3,茨城県北部,36°27.6′N,140°36.7′E,56 km,4.9,震度４
2025/7/16,15:26.7,トカラ列島近海,29°18.5′N,129°26.5′E,12 km,4.7,震度４
2025/7/16,05:31.1,トカラ列島近海,29°18.4′N,129°31.0′E,10 km,4.4,震度４
2025/7/16,14:05.6,トカラ列島近海,29°19.4′N,129°29.7′E,12 km,4.2,震度４
2025/7/25,17:02.7,長崎県南西部,32°48.0′N,130°07.7′E,9 km,4.8,震度４
2025/7/28,10:28.5,十勝地方南部,42°19.8′N,143°07.4′E,51 km,5.2,震度４
2025/8/14,13:37.8,茨城県沖,36°27.3′N,141°05.1′E,47 km,5.2,震度４
2025/8/17,13:14.6,日向灘,32°02.2′N,131°56.1′E,29 km,5.7,震度４
2025/8/30,29:20.3,宮城県沖,38°26.6′N,142°12.0′E,41 km,5.8,震度４
2025/9/1,30:04.6,トカラ列島近海,29°20.3′N,129°30.3′E,10 km,4,震度４
2025/9/5,00:07.5,茨城県南部,36°04.0′N,139°53.7′E,46 km,4.4,震度４
2025/9/13,22:20.8,トカラ列島近海,29°55.0′N,129°59.2′E,10 km,4.5,震度４
2025/9/17,55:02.3,トカラ列島近海,29°35.1′N,129°43.1′E,1 km,4.7,震度５弱
2025/9/17,00:28.0,トカラ列島近海,29°38.1′N,129°38.0′E,0 km,4.8,震度４
2025/9/19,11:37.8,トカラ列島近海,29°38.6′N,129°42.7′E,3 km,3.5,震度４
2025/9/19,10:44.2,トカラ列島近海,29°37.2′N,129°45.6′E,0 km,3.9,震度４
2025/10/5,21:08.5,福島県沖,37°25.1′N,141°35.1′E,45 km,6,震度４
2025/10/7,30:23.9,福島県沖,37°31.8′N,141°22.4′E,52 km,5,震度４
2025/10/22,17:31.9,釧路沖,42°55.4′N,145°28.4′E,43 km,5.1,震度４
2025/10/25,40:09.7,根室半島南東沖,42°55.9′N,145°37.0′E,40 km,5.8,震度５弱
2025/10/26,04:54.7,栃木県北部,36°37.4′N,139°27.1′E,5 km,4.7,震度４
2025/11/3,18:42.3,鹿児島県薩摩地方,31°49.5′N,130°43.5′E,0 km,3.3,震度４
2025/11/9,03:39.2,三陸沖,39°24.1′N,143°30.4′E,16 km,6.9,震度４
2025/11/25,01:16.5,熊本県阿蘇地方,32°59.8′N,131°06.4′E,9 km,5.8,震度５強
2025/11/25,59:09.5,熊本県阿蘇地方,32°59.1′N,131°06.6′E,9 km,4.3,震度４
2025/12/2,03:04.3,釧路沖,42°56.3′N,145°27.5′E,45 km,5.2,震度４
2025/12/8,15:10.1,青森県東方沖,40°58.0′N,142°17.2′E,54 km,7.5,震度６強
2025/12/9,52:42.7,青森県東方沖,40°56.6′N,143°18.0′E,15 km,6.6,震度４
2025/12/10,52:24.1,青森県東方沖,40°50.1′N,142°45.3′E,36 km,6,震度４
2025/12/12,44:13.4,青森県東方沖,40°54.0′N,142°57.9′E,17 km,6.9,震度４
2025/12/12,05:19.6,茨城県南部,36°11.6′N,140°03.5′E,52 km,4.9,震度４
2025/12/14,26:50.7,石川県西方沖,37°03.2′N,136°37.5′E,8 km,4.9,震度４
2025/12/21,29:01.7,青森県東方沖,40°43.4′N,142°15.2′E,51 km,5.6,震度４
2025/12/30,12:25.1,奄美大島近海,27°40.3′N,128°42.6′E,19 km,5.7,震度４
2025/12/31,26:58.4,岩手県沖,40°04.0′N,142°53.1′E,32 km,6.1,震度４
2026/1/6,18:48.4,島根県東部,35°18.9′N,133°12.8′E,11 km,6.4,震度５強
2026/1/6,28:48.6,島根県東部,35°19.0′N,133°14.0′E,12 km,5.1,震度５弱
2026/1/6,37:46.8,島根県東部,35°18.7′N,133°10.5′E,14 km,5.5,震度４
2026/1/9,56:53.3,秋田県内陸北部,40°15.6′N,140°50.5′E,7 km,4.3,震度４
2026/1/9,07:58.3,千葉県東方沖,35°26.1′N,140°26.6′E,30 km,4.6,震度４
2026/1/9,24:11.7,秋田県内陸北部,40°15.7′N,140°50.6′E,8 km,4.2,震度４
2026/1/11,15:35.2,岩手県沿岸北部,39°33.3′N,141°53.7′E,63 km,5.1,震度４
2026/1/13,09:48.3,石川県能登地方,37°28.9′N,137°16.6′E,12 km,4.3,震度４
2026/1/15,40:14.1,岐阜県飛騨地方,36°21.8′N,137°36.8′E,0 km,4.8,震度４
2026/1/24,19:57.6,茨城県北部,36°38.0′N,140°37.3′E,7 km,4.5,震度４
2026/1/29,25:15.0,千葉県南部,35°04.4′N,140°04.8′E,24 km,4.5,震度４
